dt,order_ts,customer_id,order_id,item_seq,product_id,quantity,unit_price_currency,unit_price,discount_pct,tax_amount,channel,coupon_code
2025-01-03,2025-01-03 20:00:56,CUST000000012964,645508,1,2000000099187,1,SGD,76,1%,4,app,
2025-01-03,2025-01-03 20:00:56,CUST000000012964,645508,2,2000000407418,1,SGD,268,8%,13,app,
2025-01-03,2025-01-03 01:15:26,CUST000000158941,645509,1,2000000023731,1,INR,7486,0%,895,app,
2025-01-03,2025-01-03 08:03:17,CUST000000013619,645510,1,2000000016689,1,INR,3340,14%,344,web,
2025-01-03,2025-01-03 08:03:17,CUST000000013619,645510,2,2000000184715,1,INR,13768,8%,631,web,
2025-01-03,2025-01-03 03:21:15,CUST000000215964,645511,1,2000000331430,Two,SGD,17,18%,6,app,
2025-01-03,2025-01-03 07:08:15,CUST000000154649,645512,1,2000000124759,Two,AUD,57,7%,6,app,
2025-01-03,2025-01-03 17:09:51,CUST000000075713,645513,1,2000000068046,Two,AUD,167,7%,16,web,
2025-01-03,2025-01-03 06:32:59,CUST000000043538,645514,1,2000000244761,1,GBP,11,12%,1,web,
2025-01-03,2025-01-03 04:21:15,CUST000000282998,645515,1,2000000078175,1,CAD,248,5%,29,app,
2025-01-03,2025-01-03 07:36:50,CUST000000070234,645516,1,2000000241067,1,INR,3792,13%,166,app,
2025-01-03,2025-01-03 18:15:42,CUST000000049324,645517,1,2000000106663,1,INR,14537,5%,1658,web,
2025-01-03,2025-01-03 11:30:21,CUST000000262829,645518,1,2000000082011,1,INR,8789,2%,431,web,
2025-01-03,2025-01-03 11:30:21,CUST000000262829,645518,2,2000000352909,1,INR,1180,12%,126,web,
2025-01-03,2025-01-03 11:30:21,CUST000000262829,645518,3,2000000100371,1,INR,40881,2%,4825,web,
2025-01-03,2025-01-03 14:38:25,CUST000000006726,645519,1,2000000040097,Two,GBP,833,13%,73,web,
2025-01-03,2025-01-03 01:37:54,CUST000000218234,645520,1,2000000099750,1,CAD,136,0%,7,web,PRIME5
2025-01-03,2025-01-03 01:37:54,CUST000000218234,645520,2,2000000442976,Two,CAD,47,7%,5,web,PRIME5
2025-01-03,2025-01-03 20:12:30,CUST000000065397,645521,1,2000000203416,1,INR,10200,0%,1225,app,FEST20
2025-01-03,2025-01-03 20:12:30,CUST000000065397,645521,2,2000000003016,Two,INR,2455,4%,236,app,FEST20
2025-01-03,2025-01-03 20:12:30,CUST000000065397,645521,3,2000000221786,1,INR,2185,16%,221,app,FEST20
2025-01-03,2025-01-03 17:14:25,CUST000000045408,645522,1,2000000322490,1,INR,50345,18%,4942,web,
2025-01-03,2025-01-03 18:46:45,CUST000000054747,645523,1,2000000373881,1,INR,33257,9%,1518,web,NEW10
2025-01-03,2025-01-03 13:06:00,CUST000000289032,645524,1,2000000074825,1,INR,5005,21%,709,web,
2025-01-03,2025-01-03 14:18:56,CUST000000188839,645525,1,2000000024554,1,INR,1072,1%,128,app,
2025-01-03,2025-01-03 03:39:50,CUST000000072998,645526,1,2000000005492,1,INR,372,8%,62,app,
2025-01-03,2025-01-03 07:17:02,CUST000000252875,645527,1,2000000023700,1,INR,955,4%,110,web,PRIME5
2025-01-03,2025-01-03 07:17:02,CUST000000252875,645527,2,2000000033921,Two,INR,982,10%,319,web,PRIME5
2025-01-03,2025-01-03 01:20:22,CUST000000208322,645528,1,2000000353616,1,INR,2391,11%,256,app,PRIME5
2025-01-03,2025-01-03 18:31:21,CUST000000114459,645529,1,2000000441443,1,INR,136,7%,16,app,FEST20
2025-01-03,2025-01-03 13:38:43,CUST000000228457,645530,1,2000000070773,1,USD,$6,0%,1,web,
2025-01-03,2025-01-03 20:49:39,CUST000000229461,645531,1,2000000279619,Two,INR,24268,20%,6961,web,
2025-01-03,2025-01-03 20:49:39,CUST000000229461,645531,2,2000000182261,1,INR,3226,22%,126,web,
2025-01-03,2025-01-03 16:52:06,CUST000000292303,645532,1,2000000336992,1,USD,$199,5%,35,web,FEST20
2025-01-03,2025-01-03 09:25:34,CUST000000113499,645533,1,2000000326634,1,INR,1536,6%,174,web,FEST20
2025-01-03,2025-01-03 22:17:03,CUST000000235240,645534,1,2000000447902,1,GBP,4,0%,1,web,
2025-01-03,2025-01-03 10:50:23,CUST000000229465,645535,1,2000000166520,1,INR,592,0%,72,web,NEW10
2025-01-03,2025-01-03 10:50:23,CUST000000229465,645535,2,2000000345314,1,INR,205,6%,10,web,NEW10
2025-01-03,2025-01-03 22:03:33,CUST000000037538,645536,1,2000000275543,Two,INR,3378,7%,754,app,
2025-01-03,2025-01-03 22:03:33,CUST000000037538,645536,2,2000000129556,1,INR,527,11%,57,app,
2025-01-03,2025-01-03 22:03:33,CUST000000037538,645536,3,2000000183312,1,INR,4087,0%,736,app,
2025-01-03,2025-01-03 16:48:23,CUST000000009336,645537,1,2000000438214,1,USD,$95,19%,10,web,NEW10
2025-01-03,2025-01-03 05:25:55,CUST000000044997,645538,1,2000000304908,1,USD,$28,15%,3,app,PRIME5
2025-01-03,2025-01-03 05:25:55,CUST000000044997,645538,2,2000000457246,1,USD,$37,9%,5,app,PRIME5
2025-01-03,2025-01-03 16:38:39,CUST000000163722,645539,1,2000000327198,1,USD,$4,13%,1,app,NEW10
2025-01-03,2025-01-03 18:34:11,CUST000000026992,645540,1,2000000486789,1,INR,2276,11%,364,web,
2025-01-03,2025-01-03 16:12:41,CUST000000195272,645541,1,2000000382388,1,INR,790,6%,135,web,
2025-01-03,2025-01-03 03:55:25,CUST000000126904,645542,1,2000000215211,1,SGD,7,8%,1,app,FEST20
2025-01-03,2025-01-03 03:55:25,CUST000000126904,645542,2,2000000261386,Two,SGD,423,14%,132,app,FEST20
2025-01-03,2025-01-03 18:46:04,CUST000000229763,645543,1,2000000436272,1,INR,3991,21%,157,app,
2025-01-03,2025-01-03 09:00:54,CUST000000116897,645544,1,2000000387987,3,USD,$33,0%,6,web,FEST20
2025-01-03,2025-01-03 11:55:25,CUST000000020154,645545,1,2000000425283,1,INR,50954,14%,5236,app,
2025-01-03,2025-01-03 11:55:25,CUST000000020154,645545,2,2000000129761,1,INR,86765,9%,14177,app,
2025-01-03,2025-01-03 11:55:25,CUST000000020154,645545,3,2000000026565,1,INR,358,15%,16,app,
2025-01-03,2025-01-03 11:55:25,CUST000000020154,645545,4,2000000450308,1,INR,5834,14%,901,app,
2025-01-03,2025-01-03 11:55:25,CUST000000020154,645545,5,2000000162416,1,INR,766,14%,80,app,
2025-01-03,2025-01-03 14:02:58,CUST000000242803,645546,1,2000000025308,1,INR,2650,0%,478,app,PRIME5
2025-01-03,2025-01-03 14:02:58,CUST000000242803,645546,2,2000000134567,1,INR,13842,13%,1445,app,PRIME5
2025-01-03,2025-01-03 14:02:58,CUST000000242803,645546,3,2000000103235,1,INR,1543,7%,72,app,PRIME5
2025-01-03,2025-01-03 10:20:42,CUST000000045311,645547,1,2000000142661,1,AED,28,19%,5,web,FEST20
2025-01-03,2025-01-03 10:15:26,CUST000000185420,645548,1,2000000497235,1,CAD,1560,7%,174,app,NEW10
2025-01-03,2025-01-03 10:15:26,CUST000000185420,645548,2,2000000021102,Two,CAD,67,27%,12,app,NEW10
2025-01-03,2025-01-03 19:27:38,CUST000000176123,645549,1,2000000188522,1,SGD,883,0%,45,app,
2025-01-03,2025-01-03 21:51:59,CUST000000224825,645550,1,2000000355436,1,GBP,27,10%,3,web,
2025-01-03,2025-01-03 21:51:59,CUST000000224825,645550,2,2000000467511,Two,GBP,40,15%,4,web,
2025-01-03,2025-01-03 21:51:59,CUST000000224825,645550,3,2000000445243,1,GBP,5,0%,1,web,
2025-01-03,2025-01-03 21:51:59,CUST000000224825,645550,4,2000000045467,1,GBP,15,13%,2,web,
2025-01-03,2025-01-03 23:26:53,CUST000000132707,645551,1,2000000168692,1,INR,77378,9%,12639,app,
2025-01-03,2025-01-03 23:26:53,CUST000000132707,645551,2,2000000390871,1,INR,53523,1%,6327,app,
2025-01-03,2025-01-03 23:26:53,CUST000000132707,645551,3,2000000112749,1,INR,9174,13%,1437,app,
2025-01-03,2025-01-03 16:14:14,CUST000000235270,645552,1,2000000118772,1,SGD,16,8%,2,app,NEW10
2025-01-03,2025-01-03 13:35:18,CUST000000246249,645553,1,2000000073750,1,INR,3411,23%,132,app,SAVE50
2025-01-03,2025-01-03 13:35:18,CUST000000246249,645553,2,2000000112862,1,INR,4040,0%,485,app,SAVE50
2025-01-03,2025-01-03 13:35:18,CUST000000246249,645553,3,2000000446721,1,INR,273,3%,32,app,SAVE50
2025-01-03,2025-01-03 02:33:43,CUST000000122681,645554,1,2000000431123,1,USD,$11,13%,2,app,FEST20
2025-01-03,2025-01-03 02:33:43,CUST000000122681,645554,2,2000000029436,1,USD,$33,15%,4,app,FEST20
2025-01-03,2025-01-03 02:32:12,CUST000000297425,645555,1,2000000004761,1,INR,13322,0%,1598,web,
2025-01-03,2025-01-03 04:33:00,CUST000000247166,645556,1,2000000067209,Two,INR,2183,4%,211,app,NEW10
2025-01-03,2025-01-03 04:33:00,CUST000000247166,645556,2,2000000374215,1,INR,5936,12%,625,app,NEW10
2025-01-03,2025-01-03 23:15:48,CUST000000060008,645557,1,2000000038643,1,INR,4887,3%,853,app,
2025-01-03,2025-01-03 23:15:48,CUST000000060008,645557,2,2000000180809,Two,INR,2083,18%,171,app,
2025-01-03,2025-01-03 23:15:48,CUST000000060008,645557,3,2000000493473,1,INR,352,14%,37,app,
2025-01-03,2025-01-03 18:27:19,CUST000000114014,645558,1,2000000117751,Two,AED,38,3%,9,app,
2025-01-03,2025-01-03 09:41:13,CUST000000072133,645559,1,2000000262925,1,SGD,61,0%,8,app,NEW10
2025-01-03,2025-01-03 09:41:13,CUST000000072133,645559,2,2000000472522,Two,SGD,226,3%,53,app,NEW10
2025-01-03,2025-01-03 09:18:39,CUST000000231716,645560,1,2000000426693,1,AUD,97,14%,11,web,
2025-01-03,2025-01-03 09:18:39,CUST000000231716,645560,2,2000000069784,1,AUD,12,4%,2,web,
2025-01-03,2025-01-03 21:04:50,CUST000000164248,645561,1,2000000273242,1,INR,4534,0%,545,web,NEW10
2025-01-03,2025-01-03 21:06:17,CUST000000185804,645562,1,2000000499536,1,AUD,42,13%,5,app,NEW10
2025-01-03,2025-01-03 21:13:52,CUST000000250196,645563,1,2000000448633,1,INR,693,8%,116,web,
2025-01-03,2025-01-03 04:19:10,CUST000000293776,645564,1,2000000070384,1,CAD,32,12%,2,app,
2025-01-03,2025-01-03 12:52:01,CUST000000234374,645565,1,2000000011448,1,SGD,54,11%,3,web,FEST20
2025-01-03,2025-01-03 12:52:01,CUST000000234374,645565,2,2000000482118,3,SGD,90,5%,31,web,FEST20
2025-01-03,2025-01-03 14:18:50,CUST000000172610,645566,1,2000000192727,Two,INR,237,24%,65,web,
2025-01-03,2025-01-03 14:18:50,CUST000000172610,645566,2,2000000333519,Two,INR,2325,0%,233,web,
2025-01-03,2025-01-03 05:20:43,CUST000000092184,645567,1,2000000298955,1,CAD,9,10%,2,web,
2025-01-03,2025-01-03 05:20:43,CUST000000092184,645567,2,2000000255620,1,CAD,3,12%,1,web,
2025-01-03,2025-01-03 12:28:52,CUST000000124572,645568,1,2000000217413,1,AUD,8,16%,2,app,NEW10
2025-01-03,2025-01-03 10:10:24,CUST000000256848,645569,1,2000000046730,1,INR,3039,12%,481,app,
2025-01-03,2025-01-03 20:26:40,CUST000000210590,645570,1,2000000010533,1,INR,580,10%,94,app,SAVE50
2025-01-03,2025-01-03 01:43:17,CUST000000288866,645571,1,2000000442839,1,CAD,18,18%,3,web,PRIME5
2025-01-03,2025-01-03 01:43:17,CUST000000288866,645571,2,2000000338095,1,CAD,50,12%,6,web,PRIME5
2025-01-03,2025-01-03 03:32:32,CUST000000285716,645572,1,2000000276854,1,INR,84780,15%,12969,app,
2025-01-03,2025-01-03 03:32:32,CUST000000285716,645572,2,2000000210087,1,INR,40666,8%,4492,app,
2025-01-03,2025-01-03 03:32:32,CUST000000285716,645572,3,2000000248356,1,INR,3094,5%,354,app,
2025-01-03,2025-01-03 01:52:19,CUST000000101226,645573,1,2000000469188,1,INR,741,22%,70,web,
2025-01-03,2025-01-03 05:17:41,CUST000000111089,645574,1,2000000337678,1,INR,27514,27%,3598,web,
2025-01-03,2025-01-03 19:22:56,CUST000000004031,645575,1,2000000280882,1,INR,5482,13%,861,app,
2025-01-03,2025-01-03 19:22:56,CUST000000004031,645575,2,2000000316147,1,INR,345,8%,39,app,
2025-01-03,2025-01-03 18:21:17,CUST000000237507,645576,1,2000000365299,1,INR,84320,7%,9435,web,SAVE50
2025-01-03,2025-01-03 18:21:17,CUST000000237507,645576,2,2000000482590,Two,INR,9705,4%,2227,web,SAVE50
2025-01-03,2025-01-03 18:21:17,CUST000000237507,645576,3,2000000498416,1,INR,5152,6%,873,web,SAVE50
2025-01-03,2025-01-03 18:21:17,CUST000000237507,645576,4,2000000305530,1,INR,36681,0%,6603,web,SAVE50
2025-01-03,2025-01-03 04:45:14,CUST000000198853,645577,1,2000000064321,1,GBP,5,0%,1,web,
2025-01-03,2025-01-03 10:05:44,CUST000000207167,645578,1,2000000465715,1,INR,28595,15%,4378,web,FEST20
2025-01-03,2025-01-03 10:05:44,CUST000000207167,645578,2,2000000024394,1,INR,3782,0%,454,web,FEST20
2025-01-03,2025-01-03 07:36:59,CUST000000164493,645579,1,2000000317335,1,INR,12953,0%,1555,web,
2025-01-03,2025-01-03 15:22:47,CUST000000289818,645580,1,2000000338118,1,INR,82260,6%,13894,app,FEST20
2025-01-03,2025-01-03 15:22:47,CUST000000289818,645580,2,2000000098043,1,INR,68898,19%,2789,app,FEST20
2025-01-03,2025-01-03 15:22:47,CUST000000289818,645580,3,2000000088136,1,INR,773,8%,85,app,FEST20
2025-01-03,2025-01-03 08:29:47,CUST000000051106,645581,1,2000000432441,1,INR,4996,30%,633,web,
2025-01-03,2025-01-03 13:18:38,CUST000000182894,645582,1,2000000020822,1,SGD,1011,18%,100,app,
2025-01-03,2025-01-03 16:35:59,CUST000000038682,645583,1,2000000409955,1,USD,$15,12%,3,app,
2025-01-03,2025-01-03 16:35:59,CUST000000038682,645583,2,2000000360843,Two,USD,$901,0%,325,app,
2025-01-03,2025-01-03 16:35:59,CUST000000038682,645583,3,2000000077499,1,USD,$80,13%,4,app,
2025-01-03,2025-01-03 19:04:46,CUST000000109119,645584,1,2000000001449,Two,INR,5643,5%,537,app,
2025-01-03,2025-01-03 19:04:46,CUST000000109119,645584,2,2000000469218,1,INR,2422,16%,246,app,
2025-01-03,2025-01-03 02:57:26,CUST000000131255,645585,1,2000000365152,1,GBP,77,0%,10,web,PRIME5
2025-01-03,2025-01-03 02:57:26,CUST000000131255,645585,2,2000000450742,1,GBP,44,20%,5,web,PRIME5
2025-01-03,2025-01-03 13:52:26,CUST000000227016,645586,1,2000000201191,1,CAD,889,13%,94,web,FEST20
2025-01-03,2025-01-03 18:37:41,CUST000000284546,645587,1,2000000341491,Two,USD,$21,13%,5,web,PRIME5
2025-01-03,2025-01-03 18:37:41,CUST000000284546,645587,2,2000000123929,1,USD,$647,10%,30,web,PRIME5
2025-01-03,2025-01-03 04:04:20,CUST000000211375,645588,1,2000000199504,1,AED,179,0%,9,web,
2025-01-03,2025-01-03 20:21:13,CUST000000179322,645589,1,2000000361406,1,CAD,14,7%,1,web,
2025-01-03,2025-01-03 19:43:50,CUST000000070969,645590,1,2000000311449,4,INR,1259,25%,454,web,
2025-01-03,2025-01-03 19:43:50,CUST000000070969,645590,2,2000000136165,1,INR,5959,18%,884,web,
2025-01-03,2025-01-03 19:43:50,CUST000000070969,645590,3,2000000298450,1,INR,2367,13%,248,web,
2025-01-03,2025-01-03 19:43:50,CUST000000070969,645590,4,2000000352862,Two,INR,5404,5%,1228,web,
2025-01-03,2025-01-03 13:59:08,CUST000000233893,645591,1,2000000227467,1,AUD,38,10%,5,web,
2025-01-03,2025-01-03 05:09:47,CUST000000183927,645592,1,2000000021416,1,GBP,268,10%,30,web,
2025-01-03,2025-01-03 05:09:47,CUST000000183927,645592,2,2000000480503,1,GBP,1156,0%,139,web,
2025-01-03,2025-01-03 11:58:10,CUST000000291138,645593,1,2000000015224,1,INR,962,1%,171,app,
2025-01-03,2025-01-03 11:58:10,CUST000000291138,645593,2,2000000094052,1,INR,83110,0%,14960,app,
2025-01-03,2025-01-03 11:58:10,CUST000000291138,645593,3,2000000250588,1,INR,91757,0%,11011,app,
2025-01-03,2025-01-03 11:58:10,CUST000000291138,645593,4,2000000266282,1,INR,37687,7%,6278,app,
2025-01-03,2025-01-03 10:07:15,CUST000000209576,645594,1,2000000484761,1,USD,$101,7%,5,web,
2025-01-03,2025-01-03 04:26:51,CUST000000237381,645595,1,2000000169675,1,GBP,24,9%,3,web,
2025-01-03,2025-01-03 01:46:00,CUST000000256153,645596,1,2000000489995,1,AUD,200,17%,20,web,
2025-01-03,2025-01-03 12:17:37,CUST000000002438,645597,1,2000000401027,1,AUD,49,25%,5,web,
2025-01-03,2025-01-03 20:45:05,CUST000000029158,645598,1,2000000111001,1,INR,4121,4%,199,web,
2025-01-03,2025-01-03 14:09:29,CUST000000264620,645599,1,2000000125060,1,CAD,1105,8%,183,web,
2025-01-03,2025-01-03 14:09:29,CUST000000264620,645599,2,2000000311401,Two,CAD,246,1%,88,web,
2025-01-03,2025-01-03 14:09:29,CUST000000264620,645599,3,2000000215433,1,CAD,577,2%,29,web,
2025-01-03,2025-01-03 12:09:26,CUST000000150215,645600,1,2000000484822,4,INR,1916,25%,1033,web,NEW10
2025-01-03,2025-01-03 17:52:27,CUST000000266735,645601,1,2000000053172,Two,INR,2824,0%,283,web,NEW10
2025-01-03,2025-01-03 09:31:27,CUST000000010565,645602,1,2000000254807,1,USD,$89,12%,15,app,PRIME5
2025-01-03,2025-01-03 09:31:27,CUST000000010565,645602,2,2000000073989,Two,USD,$40,8%,14,app,PRIME5
2025-01-03,2025-01-03 13:26:01,CUST000000033325,645603,1,2000000448282,Two,USD,$37,13%,12,app,
2025-01-03,2025-01-03 19:55:56,CUST000000279122,645604,1,2000000039541,1,USD,$3,9%,1,app,
2025-01-03,2025-01-03 12:28:15,CUST000000100019,645605,1,2000000150024,Two,AED,27,1%,7,app,FEST20
2025-01-03,2025-01-03 12:28:15,CUST000000100019,645605,2,2000000297231,Two,AED,633,18%,125,app,FEST20
2025-01-03,2025-01-03 12:28:15,CUST000000100019,645605,3,2000000400631,1,AED,72,5%,9,app,FEST20
2025-01-03,2025-01-03 19:03:50,CUST000000120771,645606,1,2000000482316,1,INR,1745,0%,210,app,
2025-01-03,2025-01-03 23:01:28,CUST000000108075,645607,1,2000000395470,1,INR,1038,15%,106,web,FEST20
2025-01-03,2025-01-03 23:26:03,CUST000000268727,645608,1,2000000352510,1,AUD,24,2%,2,app,FEST20
2025-01-03,2025-01-03 14:57:45,CUST000000012016,645609,1,2000000357973,1,INR,2643,20%,253,web,NEW10
2025-01-03,2025-01-03 14:57:45,CUST000000012016,645609,2,2000000406398,1,INR,17893,22%,1682,web,NEW10
2025-01-03,2025-01-03 14:57:45,CUST000000012016,645609,3,2000000128795,1,INR,3037,13%,476,web,NEW10
2025-01-03,2025-01-03 22:05:10,CUST000000294856,645610,1,2000000004402,1,SGD,17,21%,3,web,
2025-01-03,2025-01-03 22:05:10,CUST000000294856,645610,2,2000000137124,1,SGD,275,3%,33,web,
2025-01-03,2025-01-03 09:08:20,CUST000000274946,645611,1,2000000330549,3,INR,516,3%,271,app,
2025-01-03,2025-01-03 15:01:02,CUST000000053309,645612,1,2000000490977,Two,CAD,13,0%,4,web,FEST20
2025-01-03,2025-01-03 14:48:52,CUST000000090730,645613,1,2000000448800,Two,USD,$4,0%,2,app,
2025-01-03,2025-01-03 14:48:52,CUST000000090730,645613,2,2000000347158,1,USD,$53,18%,3,app,
2025-01-03,2025-01-03 12:21:14,CUST000000073761,645614,1,2000000084664,1,INR,9506,12%,420,app,
2025-01-03,2025-01-03 10:40:59,CUST000000291478,645615,1,2000000191188,1,USD,$80,10%,4,app,
2025-01-03,2025-01-03 10:18:44,CUST000000035617,645616,1,2000000416632,1,INR,318,13%,14,web,
2025-01-03,2025-01-03 10:18:44,CUST000000035617,645616,2,2000000483856,3,INR,3388,0%,1830,web,
2025-01-03,2025-01-03 01:56:54,CUST000000217478,645617,1,2000000125107,1,GBP,9,0%,2,app,PRIME5
2025-01-03,2025-01-03 01:56:54,CUST000000217478,645617,2,2000000015477,1,GBP,69,3%,9,app,PRIME5
2025-01-03,2025-01-03 01:56:54,CUST000000217478,645617,3,2000000074207,1,GBP,34,0%,7,app,PRIME5
2025-01-03,2025-01-03 02:53:40,CUST000000281884,645618,1,2000000126128,3,INR,671,7%,339,app,
2025-01-03,2025-01-03 02:53:40,CUST000000281884,645618,2,2000000432960,Two,INR,82906,18%,16396,app,
2025-01-03,2025-01-03 02:53:40,CUST000000281884,645618,3,2000000293028,1,INR,1656,13%,72,app,
2025-01-03,2025-01-03 16:49:37,CUST000000189475,645619,1,2000000337227,1,INR,391,11%,18,app,
2025-01-03,2025-01-03 06:41:14,CUST000000145465,645620,1,2000000262413,1,INR,2429,3%,423,app,SAVE50
2025-01-03,2025-01-03 12:06:59,CUST000000287596,645621,1,2000000054254,1,GBP,10,0%,2,app,NEW10
2025-01-03,2025-01-03 12:06:59,CUST000000287596,645621,2,2000000319216,Two,GBP,52,3%,19,app,NEW10
2025-01-03,2025-01-03 12:06:59,CUST000000287596,645621,3,2000000305813,Two,GBP,23,20%,2,app,NEW10
2025-01-03,2025-01-03 03:58:42,CUST000000160275,645622,1,2000000248189,1,INR,402,0%,49,web,
2025-01-03,2025-01-03 05:38:16,CUST000000209595,645623,1,2000000238241,1,INR,2494,8%,412,app,FEST20
2025-01-03,2025-01-03 06:37:39,CUST000000172051,645624,1,2000000071466,Two,INR,947,2%,93,web,
2025-01-03,2025-01-03 02:50:51,CUST000000137984,645625,1,2000000020228,1,INR,12768,15%,1308,app,
2025-01-03,2025-01-03 09:54:45,CUST000000094244,645626,1,2000000174044,1,CAD,160,7%,8,web,PRIME5
2025-01-03,2025-01-03 08:20:11,CUST000000142662,645627,1,2000000446790,3,INR,45558,9%,6251,web,
2025-01-03,2025-01-03 07:17:25,CUST000000177217,645628,1,2000000370675,Two,INR,2098,7%,470,app,
2025-01-03,2025-01-03 17:42:05,CUST000000234500,645629,1,2000000022420,1,INR,1612,5%,185,web,
2025-01-03,2025-01-03 17:42:05,CUST000000234500,645629,2,2000000172927,3,INR,324,4%,47,web,
2025-01-03,2025-01-03 05:22:11,CUST000000040458,645630,1,2000000472126,1,USD,$116,10%,6,app,
2025-01-03,2025-01-03 22:44:16,CUST000000032267,645631,1,2000000402888,1,INR,1199,3%,140,app,SAVE50
2025-01-03,2025-01-03 14:47:14,CUST000000138399,645632,1,2000000149509,1,INR,52320,7%,2431,web,
2025-01-03,2025-01-03 14:47:14,CUST000000138399,645632,2,2000000209449,1,INR,16436,2%,2889,web,
2025-01-03,2025-01-03 20:35:51,CUST000000001199,645633,1,2000000137889,1,USD,$10,10%,2,web,
2025-01-03,2025-01-03 20:35:51,CUST000000001199,645633,2,2000000014357,1,USD,$24,0%,3,web,
2025-01-03,2025-01-03 20:35:51,CUST000000001199,645633,3,2000000300429,1,USD,$16,4%,3,web,
2025-01-03,2025-01-03 20:35:51,CUST000000001199,645633,4,2000000351223,1,USD,$10,16%,2,web,
2025-01-03,2025-01-03 20:35:51,CUST000000001199,645633,5,2000000218557,1,USD,$32,30%,3,web,
2025-01-03,2025-01-03 20:19:22,CUST000000151171,645634,1,2000000457093,1,INR,15692,7%,727,app,NEW10
2025-01-03,2025-01-03 12:56:49,CUST000000144217,645635,1,2000000473499,1,AUD,755,5%,36,web,
2025-01-03,2025-01-03 12:56:49,CUST000000144217,645635,2,2000000473017,1,AUD,9,12%,2,web,
2025-01-03,2025-01-03 23:24:22,CUST000000222074,645636,1,2000000041544,1,INR,2184,8%,243,app,
2025-01-03,2025-01-03 23:24:22,CUST000000222074,645636,2,2000000162034,1,INR,2922,19%,286,app,
2025-01-03,2025-01-03 02:29:57,CUST000000260843,645637,1,2000000324821,1,INR,9461,25%,851,app,FEST20
2025-01-03,2025-01-03 02:29:57,CUST000000260843,645637,2,2000000439013,1,INR,1048,23%,97,app,FEST20
2025-01-03,2025-01-03 02:29:57,CUST000000260843,645637,3,2000000044057,1,INR,7293,1%,363,app,FEST20
2025-01-03,2025-01-03 02:29:57,CUST000000260843,645637,4,2000000151502,1,INR,2715,3%,132,app,FEST20
2025-01-03,2025-01-03 02:29:57,CUST000000260843,645637,5,2000000059815,1,INR,2547,0%,306,app,FEST20
2025-01-03,2025-01-03 00:45:45,CUST000000206159,645638,1,2000000355054,1,INR,283,12%,45,app,NEW10
2025-01-03,2025-01-03 00:45:45,CUST000000206159,645638,2,2000000330396,1,INR,14040,0%,1685,app,NEW10
2025-01-03,2025-01-03 00:45:45,CUST000000206159,645638,3,2000000288512,1,INR,293,19%,12,app,NEW10
2025-01-03,2025-01-03 00:45:45,CUST000000206159,645638,4,2000000457109,Two,INR,1161,15%,237,app,NEW10
2025-01-03,2025-01-03 22:17:20,CUST000000075345,645639,1,2000000230351,1,INR,6145,0%,308,app,
2025-01-03,2025-01-03 22:17:20,CUST000000075345,645639,2,2000000455488,1,INR,16222,3%,1884,app,
2025-01-03,2025-01-03 22:17:20,CUST000000075345,645639,3,2000000461670,1,INR,1988,10%,90,app,
2025-01-03,2025-01-03 06:49:43,CUST000000083567,645640,1,2000000287379,1,USD,$22,4%,2,app,
2025-01-03,2025-01-03 20:47:35,CUST000000287448,645641,1,2000000339474,1,CAD,602,0%,73,app,
2025-01-03,2025-01-03 01:06:50,CUST000000258149,645642,1,2000000035826,Two,CAD,13,17%,3,app,
2025-01-03,2025-01-03 22:47:47,CUST000000194593,645643,1,2000000293424,1,INR,15387,4%,740,web,
2025-01-03,2025-01-03 22:47:47,CUST000000194593,645643,2,2000000119687,1,INR,8948,8%,984,web,
2025-01-03,2025-01-03 03:30:31,CUST000000227030,645644,1,2000000001531,1,INR,5145,13%,808,web,
2025-01-03,2025-01-03 16:45:32,CUST000000182521,645645,1,2000000159317,1,INR,1347,7%,63,app,
2025-01-03,2025-01-03 16:45:32,CUST000000182521,645645,2,2000000306681,1,INR,656,14%,29,app,
2025-01-03,2025-01-03 09:18:29,CUST000000117936,645646,1,2000000407746,1,INR,72939,0%,8753,app,
2025-01-03,2025-01-03 06:49:00,CUST000000049595,645647,1,2000000232218,Two,USD,$43,0%,5,app,NEW10
2025-01-03,2025-01-03 06:49:00,CUST000000049595,645647,2,2000000087092,1,USD,$20,8%,4,app,NEW10
2025-01-03,2025-01-03 04:22:16,CUST000000152652,645648,1,2000000284415,1,AED,45,10%,5,app,
2025-01-03,2025-01-03 04:22:16,CUST000000152652,645648,2,2000000495569,1,AED,7,6%,1,app,
2025-01-03,2025-01-03 06:24:00,CUST000000120658,645649,1,2000000134635,1,SGD,36,13%,4,web,
2025-01-03,2025-01-03 23:35:00,CUST000000191948,645650,1,2000000386447,1,AED,43,7%,3,web,
2025-01-03,2025-01-03 14:18:36,CUST000000131741,645651,1,2000000389554,1,INR,881,15%,135,web,
2025-01-03,2025-01-03 23:22:07,CUST000000286226,645652,1,2000000399775,1,INR,3830,0%,690,web,
2025-01-03,2025-01-03 12:16:42,CUST000000029249,645653,1,2000000022147,Two,USD,$23,15%,8,app,PRIME5
2025-01-03,2025-01-03 12:16:42,CUST000000029249,645653,2,2000000273150,Two,USD,$57,16%,18,app,PRIME5
2025-01-03,2025-01-03 01:25:37,CUST000000228074,645654,1,2000000182360,1,INR,99312,12%,10505,web,
2025-01-03,2025-01-03 17:28:44,CUST000000238957,645655,1,2000000421131,1,INR,1625,10%,175,app,NEW10
2025-01-03,2025-01-03 17:28:44,CUST000000238957,645655,2,2000000147840,1,INR,8926,13%,1406,app,NEW10
2025-01-03,2025-01-03 17:28:44,CUST000000238957,645655,3,2000000433325,Two,INR,2539,11%,810,app,NEW10
2025-01-03,2025-01-03 17:28:44,CUST000000238957,645655,4,2000000486581,1,INR,1396,3%,163,app,NEW10
2025-01-03,2025-01-03 20:34:56,CUST000000277087,645656,1,2000000251240,1,USD,$4,2%,1,app,FEST20
2025-01-03,2025-01-03 14:43:48,CUST000000170124,645657,1,2000000493725,Two,INR,3020,19%,885,web,FEST20
2025-01-03,2025-01-03 14:43:48,CUST000000170124,645657,2,2000000193496,3,INR,5436,12%,1720,web,FEST20
2025-01-03,2025-01-03 21:45:04,CUST000000170281,645658,1,2000000205953,1,INR,4626,7%,517,app,
2025-01-03,2025-01-03 07:33:10,CUST000000236904,645659,1,2000000447520,1,INR,229,8%,26,app,
2025-01-03,2025-01-03 04:23:37,CUST000000086074,645660,1,2000000331928,1,INR,3189,8%,528,web,FEST20
2025-01-03,2025-01-03 00:42:43,CUST000000215773,645661,1,2000000388427,1,SGD,78,7%,9,web,
2025-01-03,2025-01-03 18:52:23,CUST000000162188,645662,1,2000000365503,1,INR,1018,7%,114,web,
2025-01-03,2025-01-03 18:52:23,CUST000000162188,645662,2,2000000357973,1,INR,2995,18%,442,web,
2025-01-03,2025-01-03 18:52:23,CUST000000162188,645662,3,2000000208640,1,INR,3562,9%,587,web,
2025-01-03,2025-01-03 04:03:25,CUST000000084996,645663,1,2000000167886,1,CAD,17,4%,3,app,
2025-01-03,2025-01-03 21:19:02,CUST000000031320,645664,1,2000000310800,1,GBP,9,4%,1,web,FEST20
2025-01-03,2025-01-03 21:19:02,CUST000000031320,645664,2,2000000366760,1,GBP,516,9%,86,web,FEST20
2025-01-03,2025-01-03 06:42:52,CUST000000158411,645665,1,2000000473864,1,INR,6305,11%,281,app,
2025-01-03,2025-01-03 06:42:52,CUST000000158411,645665,2,2000000363615,1,INR,4721,24%,429,app,
2025-01-03,2025-01-03 16:42:24,CUST000000067911,645666,1,2000000176307,1,AED,80,0%,15,web,
2025-01-03,2025-01-03 07:46:16,CUST000000052054,645667,1,2000000150291,1,INR,88856,4%,4244,web,FEST20
2025-01-03,2025-01-03 09:59:06,CUST000000120953,645668,1,2000000262758,1,USD,$65,18%,3,app,
2025-01-03,2025-01-03 11:41:41,CUST000000295064,645669,1,2000000283203,1,INR,2297,9%,105,app,FEST20
2025-01-03,2025-01-03 08:21:04,CUST000000187199,645670,1,2000000117911,1,USD,$38,0%,2,app,
2025-01-03,2025-01-03 07:41:52,CUST000000260800,645671,1,2000000204826,Two,AED,151,2%,15,app,
2025-01-03,2025-01-03 07:41:52,CUST000000260800,645671,2,2000000063034,1,AED,15,0%,3,app,
2025-01-03,2025-01-03 07:41:52,CUST000000260800,645671,3,2000000119342,1,AED,1206,0%,145,app,
2025-01-03,2025-01-03 20:30:21,CUST000000263063,645672,1,2000000335513,Two,INR,5033,18%,414,web,
2025-01-03,2025-01-03 21:45:01,CUST000000124245,645673,1,2000000480077,1,CAD,24,13%,3,app,
2025-01-03,2025-01-03 21:45:01,CUST000000124245,645673,2,2000000459035,3,CAD,101,26%,12,app,
2025-01-03,2025-01-03 08:02:16,CUST000000013253,645674,1,2000000194547,3,INR,2468,12%,778,app,NEW10
2025-01-03,2025-01-03 17:58:09,CUST000000281146,645675,1,2000000253350,3,INR,67167,9%,9191,app,SAVE50
2025-01-03,2025-01-03 09:52:40,CUST000000139538,645676,1,2000000119120,1,CAD,25,6%,3,web,
2025-01-03,2025-01-03 09:52:40,CUST000000139538,645676,2,2000000331775,1,CAD,24,10%,3,web,
2025-01-03,2025-01-03 09:08:49,CUST000000249372,645677,1,2000000070308,1,USD,$59,8%,3,app,PRIME5
2025-01-03,2025-01-03 12:18:25,CUST000000012827,645678,1,2000000082400,1,INR,27373,4%,3142,app,NEW10
2025-01-03,2025-01-03 18:49:35,CUST000000272383,645679,1,2000000056432,Two,INR,10277,3%,3590,app,
2025-01-03,2025-01-03 18:49:35,CUST000000272383,645679,2,2000000371993,1,INR,2639,18%,261,app,
2025-01-03,2025-01-03 18:49:35,CUST000000272383,645679,3,2000000079967,1,INR,3638,6%,413,app,
2025-01-03,2025-01-03 16:46:31,CUST000000291355,645680,1,2000000127903,1,AED,449,1%,54,app,
2025-01-03,2025-01-03 21:31:17,CUST000000169314,645681,1,2000000435190,Two,GBP,397,16%,34,web,SAVE50
2025-01-03,2025-01-03 21:31:17,CUST000000169314,645681,2,2000000031385,3,GBP,18,8%,7,web,SAVE50
2025-01-03,2025-01-03 21:31:17,CUST000000169314,645681,3,2000000145372,1,GBP,6,3%,2,web,SAVE50
2025-01-03,2025-01-03 22:44:06,CUST000000128983,645682,1,2000000126128,Two,CAD,12,0%,4,web,
2025-01-03,2025-01-03 20:05:56,CUST000000125497,645683,1,2000000147567,1,INR,4771,8%,792,app,
2025-01-03,2025-01-03 20:05:56,CUST000000125497,645683,2,2000000099798,3,INR,168,6%,24,app,
2025-01-03,2025-01-03 13:34:43,CUST000000156890,645684,1,2000000159478,1,AED,3025,8%,336,web,
2025-01-03,2025-01-03 15:30:27,CUST000000018013,645685,1,2000000271071,1,INR,1079,14%,47,web,
2025-01-03,2025-01-03 21:13:58,CUST000000025010,645686,1,2000000037073,Two,GBP,260,19%,51,app,
2025-01-03,2025-01-03 06:16:28,CUST000000295837,645687,1,2000000387581,1,INR,877,18%,87,web,PRIME5
2025-01-03,2025-01-03 06:16:28,CUST000000295837,645687,2,2000000146805,1,INR,60647,0%,7278,web,PRIME5
2025-01-03,2025-01-03 06:16:28,CUST000000295837,645687,3,2000000074009,1,INR,1937,0%,97,web,PRIME5
2025-01-03,2025-01-03 14:30:08,CUST000000063136,645688,1,2000000024738,1,INR,47029,9%,5121,app,
2025-01-03,2025-01-03 22:23:11,CUST000000283018,645689,1,2000000450292,1,USD,$152,13%,24,app,
2025-01-03,2025-01-03 22:23:11,CUST000000283018,645689,2,2000000479873,1,USD,$37,20%,4,app,
2025-01-03,2025-01-03 15:54:56,CUST000000058174,645690,1,2000000424910,3,INR,5009,0%,2705,app,
2025-01-03,2025-01-03 02:09:41,CUST000000205573,645691,1,2000000043944,1,INR,2011,17%,84,app,NEW10
2025-01-03,2025-01-03 19:13:18,CUST000000010320,645692,1,2000000003016,1,AED,111,9%,13,app,
2025-01-03,2025-01-03 07:12:02,CUST000000275151,645693,1,2000000322568,Two,AED,73,7%,7,app,
2025-01-03,2025-01-03 07:12:02,CUST000000275151,645693,2,2000000290966,1,AED,477,0%,58,app,
2025-01-03,2025-01-03 07:12:02,CUST000000275151,645693,3,2000000353401,1,AED,112,8%,13,app,
2025-01-03,2025-01-03 08:35:05,CUST000000004966,645694,1,2000000217161,1,GBP,7,8%,1,app,
2025-01-03,2025-01-03 08:35:05,CUST000000004966,645694,2,2000000192086,1,GBP,19,10%,4,app,
2025-01-03,2025-01-03 08:35:05,CUST000000004966,645694,3,2000000316048,1,GBP,77,0%,14,app,
2025-01-03,2025-01-03 08:35:05,CUST000000004966,645694,4,2000000373003,Two,GBP,102,4%,24,app,
2025-01-03,2025-01-03 08:35:05,CUST000000004966,645694,5,2000000277233,1,GBP,26,0%,4,app,
2025-01-03,2025-01-03 04:21:41,CUST000000066994,645695,1,2000000488233,1,INR,503,17%,76,app,SAVE50
2025-01-03,2025-01-03 04:21:41,CUST000000066994,645695,2,2000000473482,1,INR,640,0%,33,app,SAVE50
2025-01-03,2025-01-03 22:36:04,CUST000000240876,645696,1,2000000391274,1,USD,$67,3%,12,web,
2025-01-03,2025-01-03 22:36:04,CUST000000240876,645696,2,2000000434414,1,USD,$11,0%,2,web,
2025-01-03,2025-01-03 22:36:04,CUST000000240876,645696,3,2000000238692,1,USD,$15,24%,2,web,
2025-01-03,2025-01-03 05:42:18,CUST000000243057,645697,1,2000000055381,1,INR,617,5%,30,web,
2025-01-03,2025-01-03 22:02:34,CUST000000244133,645698,1,2000000236513,1,SGD,74,0%,9,app,FEST20
2025-01-03,2025-01-03 22:02:34,CUST000000244133,645698,2,2000000200798,1,SGD,29,0%,4,app,FEST20
2025-01-03,2025-01-03 15:01:37,CUST000000146376,645699,1,2000000435589,1,INR,2906,9%,132,web,
2025-01-03,2025-01-03 15:01:37,CUST000000146376,645699,2,2000000241937,1,INR,1050,6%,50,web,
2025-01-03,2025-01-03 15:59:04,CUST000000089875,645700,1,2000000204871,1,INR,2552,5%,291,web,
2025-01-03,2025-01-03 14:03:10,CUST000000154750,645701,1,2000000339023,1,CAD,38,23%,2,web,
2025-01-03,2025-01-03 14:03:10,CUST000000154750,645701,2,2000000154213,Two,CAD,5,19%,2,web,
2025-01-03,2025-01-03 14:03:10,CUST000000154750,645701,3,2000000344904,1,CAD,350,11%,38,web,
2025-01-03,2025-01-03 14:03:10,CUST000000154750,645701,4,2000000144191,1,CAD,28,2%,2,web,
2025-01-03,2025-01-03 00:00:36,CUST000000219590,645702,1,2000000478142,Two,GBP,9,8%,3,app,
2025-01-03,2025-01-03 00:00:36,CUST000000219590,645702,2,2000000139654,4,GBP,24,11%,11,app,
2025-01-03,2025-01-03 00:00:36,CUST000000219590,645702,3,2000000319872,1,GBP,22,18%,3,app,
2025-01-03,2025-01-03 01:41:03,CUST000000235998,645703,1,2000000445533,1,INR,51766,1%,6136,web,
2025-01-03,2025-01-03 01:41:03,CUST000000235998,645703,2,2000000499932,1,INR,6634,3%,1153,web,
2025-01-03,2025-01-03 01:41:03,CUST000000235998,645703,3,2000000103419,1,INR,2406,9%,264,web,
2025-01-03,2025-01-03 01:41:03,CUST000000235998,645703,4,2000000220529,1,INR,890,0%,107,web,
2025-01-03,2025-01-03 14:53:13,CUST000000026376,645704,1,2000000308579,1,INR,1174,3%,137,app,NEW10
2025-01-03,2025-01-03 09:51:02,CUST000000093024,645705,1,2000000500003,Two,USD,$11,5%,3,web,FEST20
2025-01-03,2025-01-03 09:51:02,CUST000000093024,645705,2,2000000135403,1,USD,$9,0%,2,web,FEST20
2025-01-03,2025-01-03 03:21:13,CUST000000124212,645706,1,2000000449685,1,INR,5812,1%,694,app,PRIME5
2025-01-03,2025-01-03 03:21:13,CUST000000124212,645706,2,2000000071107,1,INR,56142,0%,6738,app,PRIME5
2025-01-03,2025-01-03 03:21:13,CUST000000124212,645706,3,2000000172040,1,INR,3565,11%,383,app,PRIME5
2025-01-03,2025-01-03 01:44:41,CUST000000230085,645707,1,2000000325866,1,INR,698,14%,73,app,FEST20
2025-01-03,2025-01-03 01:44:41,CUST000000230085,645707,2,2000000404837,1,INR,8158,19%,1194,app,FEST20
2025-01-03,2025-01-03 01:44:41,CUST000000230085,645707,3,2000000153162,4,INR,3992,8%,732,app,FEST20
2025-01-03,2025-01-03 01:44:41,CUST000000230085,645707,4,2000000425429,1,INR,269,19%,40,app,FEST20
2025-01-03,2025-01-03 00:04:00,CUST000000066817,645708,1,2000000398075,1,AED,808,12%,86,web,
2025-01-03,2025-01-03 09:36:00,CUST000000172796,645709,1,2000000355689,Two,INR,8562,21%,676,app,
2025-01-03,2025-01-03 17:46:42,CUST000000181800,645710,1,2000000164656,1,GBP,15,7%,1,app,
2025-01-03,2025-01-03 23:00:31,CUST000000039327,645711,1,2000000453606,1,SGD,84,5%,15,app,
2025-01-03,2025-01-03 23:00:31,CUST000000039327,645711,2,2000000447100,1,SGD,395,22%,56,app,
2025-01-03,2025-01-03 03:55:23,CUST000000202602,645712,1,2000000441795,Two,AED,6,0%,2,app,
2025-01-03,2025-01-03 12:34:17,CUST000000082698,645713,1,2000000373881,3,AUD,602,7%,85,web,
2025-01-03,2025-01-03 12:34:17,CUST000000082698,645713,2,2000000493411,Two,AUD,303,4%,106,web,
2025-01-03,2025-01-03 18:16:07,CUST000000263092,645714,1,2000000335513,1,INR,4417,15%,188,app,
2025-01-03,2025-01-03 22:52:30,CUST000000185048,645715,1,2000000018454,1,INR,1119,9%,52,app,
2025-01-03,2025-01-03 09:40:29,CUST000000223053,645716,1,2000000022611,1,INR,73509,15%,7454,web,
2025-01-03,2025-01-03 09:40:29,CUST000000223053,645716,2,2000000399652,1,INR,2663,5%,303,web,
2025-01-03,2025-01-03 12:33:51,CUST000000228138,645717,1,2000000374475,1,INR,2856,7%,133,app,
2025-01-03,2025-01-03 12:33:51,CUST000000228138,645717,2,2000000428956,1,INR,6969,12%,740,app,
2025-01-03,2025-01-03 12:33:51,CUST000000228138,645717,3,2000000195384,Two,INR,31057,0%,3106,app,
2025-01-03,2025-01-03 11:32:31,CUST000000209489,645718,1,2000000096766,1,AED,1588,1%,282,app,FEST20
2025-01-03,2025-01-03 11:32:31,CUST000000209489,645718,2,2000000185361,1,AED,709,0%,128,app,FEST20
2025-01-03,2025-01-03 11:32:31,CUST000000209489,645718,3,2000000480206,1,AED,210,8%,24,app,FEST20
2025-01-03,2025-01-03 04:56:16,CUST000000215036,645719,1,2000000032900,1,INR,19046,12%,2007,web,
2025-01-03,2025-01-03 04:56:16,CUST000000215036,645719,2,2000000265193,1,INR,25020,5%,1195,web,
2025-01-03,2025-01-03 04:56:16,CUST000000215036,645719,3,2000000258027,1,INR,39510,8%,4350,web,
2025-01-03,2025-01-03 09:33:39,CUST000000129016,645720,1,2000000121352,1,USD,$9,13%,1,app,PRIME5
2025-01-03,2025-01-03 09:33:39,CUST000000129016,645720,2,2000000499475,1,USD,$47,16%,5,app,PRIME5
2025-01-03,2025-01-03 09:33:39,CUST000000129016,645720,3,2000000469126,1,USD,$22,9%,4,app,PRIME5
2025-01-03,2025-01-03 05:51:36,CUST000000158691,645721,1,2000000228181,4,AUD,15,10%,7,web,
2025-01-03,2025-01-03 05:51:36,CUST000000158691,645721,2,2000000467252,1,AUD,26,9%,2,web,
2025-01-03,2025-01-03 05:51:36,CUST000000158691,645721,3,2000000090870,1,AUD,1823,19%,177,web,
2025-01-03,2025-01-03 05:51:36,CUST000000158691,645721,4,2000000289267,Two,AUD,55,7%,13,web,
2025-01-03,2025-01-03 02:11:03,CUST000000183542,645722,1,2000000135922,1,INR,84194,11%,8980,app,FEST20
2025-01-03,2025-01-03 02:11:03,CUST000000183542,645722,2,2000000207186,1,INR,2615,0%,314,app,FEST20
2025-01-03,2025-01-03 02:11:03,CUST000000183542,645722,3,2000000087603,Two,INR,35457,14%,11015,app,FEST20
2025-01-03,2025-01-03 02:11:03,CUST000000183542,645722,4,2000000308494,1,INR,2063,15%,210,app,FEST20
2025-01-03,2025-01-03 10:00:24,CUST000000148994,645723,1,2000000449616,1,INR,2114,0%,106,app,SAVE50
2025-01-03,2025-01-03 10:00:24,CUST000000148994,645723,2,2000000475554,1,INR,496,15%,51,app,SAVE50
2025-01-03,2025-01-03 23:02:39,CUST000000287074,645724,1,2000000003641,1,AED,1922,8%,89,app,
2025-01-03,2025-01-03 23:02:39,CUST000000287074,645724,2,2000000340289,Two,AED,38,9%,13,app,
2025-01-03,2025-01-03 03:20:34,CUST000000293720,645725,1,2000000469829,1,GBP,75,8%,4,web,
2025-01-03,2025-01-03 09:54:46,CUST000000293681,645726,1,2000000313542,1,INR,2653,4%,461,app,NEW10
2025-01-03,2025-01-03 18:52:30,CUST000000238631,645727,1,2000000474618,3,INR,5034,0%,1813,web,PRIME5
2025-01-03,2025-01-03 05:17:40,CUST000000121384,645728,1,2000000470481,1,SGD,101,19%,10,web,PRIME5
2025-01-03,2025-01-03 20:03:07,CUST000000164182,645729,1,2000000350974,1,GBP,526,9%,24,app,PRIME5
2025-01-03,2025-01-03 23:07:46,CUST000000093204,645730,1,2000000323749,3,USD,$149,0%,54,app,
2025-01-03,2025-01-03 23:07:46,CUST000000093204,645730,2,2000000343808,Two,USD,$10,6%,4,app,
2025-01-03,2025-01-03 09:56:48,CUST000000201246,645731,1,2000000072210,3,AUD,27,11%,4,app,
2025-01-03,2025-01-03 09:56:48,CUST000000201246,645731,2,2000000069463,1,AUD,22,0%,3,app,
2025-01-03,2025-01-03 09:56:48,CUST000000201246,645731,3,2000000372761,1,AUD,89,23%,9,app,
2025-01-03,2025-01-03 15:24:12,CUST000000256832,645732,1,2000000124940,1,USD,$10,0%,2,web,
2025-01-03,2025-01-03 20:20:20,CUST000000248356,645733,1,2000000487762,Two,INR,757,14%,156,web,
2025-01-03,2025-01-03 20:20:20,CUST000000248356,645733,2,2000000488219,1,INR,65237,22%,6073,web,
2025-01-03,2025-01-03 20:20:20,CUST000000248356,645733,3,2000000116662,Two,INR,8597,12%,757,web,
2025-01-03,2025-01-03 23:04:47,CUST000000100736,645734,1,2000000350264,3,AED,4168,3%,604,web,PRIME5
2025-01-03,2025-01-03 23:04:47,CUST000000100736,645734,2,2000000142531,1,AED,2651,0%,132,web,PRIME5
2025-01-03,2025-01-03 23:04:47,CUST000000100736,645734,3,2000000382548,1,AED,4688,15%,479,web,PRIME5
2025-01-03,2025-01-03 18:58:49,CUST000000180505,645735,1,2000000261126,Two,INR,3252,11%,290,app,
2025-01-03,2025-01-03 21:38:49,CUST000000187105,645736,1,2000000450766,1,CAD,152,5%,27,web,
2025-01-03,2025-01-03 03:43:04,CUST000000045691,645737,1,2000000046358,1,INR,15700,11%,702,app,PRIME5
2025-01-03,2025-01-03 16:43:43,CUST000000063844,645738,1,2000000115023,1,INR,1660,0%,84,web,
2025-01-03,2025-01-03 00:02:30,CUST000000126275,645739,1,2000000456409,1,INR,30198,1%,1490,web,PRIME5
2025-01-03,2025-01-03 00:02:30,CUST000000126275,645739,2,2000000494180,1,INR,1001,7%,112,web,PRIME5
2025-01-03,2025-01-03 00:02:30,CUST000000126275,645739,3,2000000051857,1,INR,16440,29%,1404,web,PRIME5
2025-01-03,2025-01-03 00:02:30,CUST000000126275,645739,4,2000000147994,3,INR,5161,6%,731,web,PRIME5
2025-01-03,2025-01-03 03:36:24,CUST000000294806,645740,1,2000000232119,1,USD,$13,4%,2,app,
2025-01-03,2025-01-03 16:28:24,CUST000000194190,645741,1,2000000147598,Two,INR,4513,11%,404,app,
2025-01-03,2025-01-03 11:08:22,CUST000000143300,645742,1,2000000283937,1,INR,1020,0%,123,app,FEST20
2025-01-03,2025-01-03 11:08:22,CUST000000143300,645742,2,2000000438344,4,INR,7674,12%,3236,app,FEST20
2025-01-03,2025-01-03 11:08:22,CUST000000143300,645742,3,2000000039695,Two,INR,10457,18%,858,app,FEST20
2025-01-03,2025-01-03 11:08:22,CUST000000143300,645742,4,2000000223926,1,INR,2229,23%,207,app,FEST20
2025-01-03,2025-01-03 09:27:24,CUST000000058461,645743,1,2000000404936,1,INR,1953,0%,235,web,SAVE50
2025-01-03,2025-01-03 14:12:36,CUST000000293619,645744,1,2000000230900,1,INR,10372,6%,1167,app,PRIME5
2025-01-03,2025-01-03 14:12:36,CUST000000293619,645744,2,2000000394213,1,INR,6981,19%,1018,app,PRIME5
2025-01-03,2025-01-03 14:12:36,CUST000000293619,645744,3,2000000114699,1,INR,10117,2%,1194,app,PRIME5
2025-01-03,2025-01-03 14:12:36,CUST000000293619,645744,4,2000000104294,1,INR,8578,0%,1030,app,PRIME5
2025-01-03,2025-01-03 14:12:36,CUST000000293619,645744,5,2000000194639,Two,INR,573,7%,54,app,PRIME5
2025-01-03,2025-01-03 18:14:55,CUST000000199556,645745,1,2000000421971,1,INR,2934,2%,345,app,
2025-01-03,2025-01-03 02:58:21,CUST000000082919,645746,1,2000000430294,1,GBP,102,0%,6,app,NEW10
2025-01-03,2025-01-03 03:18:50,CUST000000074628,645747,1,2000000045511,1,GBP,57,0%,11,app,FEST20
2025-01-03,2025-01-03 04:52:18,CUST000000047722,645748,1,2000000040417,3,USD,$1077,8%,358,web,
2025-01-03,2025-01-03 18:25:35,CUST000000254735,645749,1,2000000137964,Two,INR,957,19%,187,web,
2025-01-03,2025-01-03 08:29:23,CUST000000235575,645750,1,2000000128627,Two,INR,20780,0%,7482,web,
2025-01-03,2025-01-03 08:29:23,CUST000000235575,645750,2,2000000025513,1,INR,1413,16%,143,web,
2025-01-03,2025-01-03 21:39:48,CUST000000102989,645751,1,2000000126173,1,INR,25991,0%,1300,app,FEST20
2025-01-03,2025-01-03 15:09:46,CUST000000273680,645752,1,2000000007670,1,AED,181,14%,19,web,
2025-01-03,2025-01-03 02:43:33,CUST000000134337,645753,1,2000000142647,1,AUD,152,17%,16,web,NEW10
2025-01-03,2025-01-03 02:43:33,CUST000000134337,645753,2,2000000001869,1,AUD,6,17%,1,web,NEW10
2025-01-03,2025-01-03 02:43:33,CUST000000134337,645753,3,2000000103945,Two,AUD,100,4%,24,web,NEW10
2025-01-03,2025-01-03 01:55:00,CUST000000192888,645754,1,2000000082929,Two,INR,2080,7%,463,app,
2025-01-03,2025-01-03 01:55:00,CUST000000192888,645754,2,2000000262895,1,INR,2867,0%,144,app,
2025-01-03,2025-01-03 01:55:00,CUST000000192888,645754,3,2000000252773,1,INR,66347,0%,7962,app,
2025-01-03,2025-01-03 01:55:00,CUST000000192888,645754,4,2000000164021,Two,INR,4757,0%,1138,app,
2025-01-03,2025-01-03 11:54:56,CUST000000267773,645755,1,2000000129556,1,GBP,5,5%,1,web,
2025-01-03,2025-01-03 07:29:05,CUST000000250816,645756,1,2000000103457,Two,USD,$6,5%,1,app,
2025-01-03,2025-01-03 20:36:43,CUST000000052159,645757,1,2000000133744,1,GBP,538,1%,64,app,FEST20
2025-01-03,2025-01-03 12:55:53,CUST000000076471,645758,1,2000000360379,1,CAD,19,4%,4,web,PRIME5
2025-01-03,2025-01-03 12:55:53,CUST000000076471,645758,2,2000000003634,1,CAD,21,0%,3,web,PRIME5
2025-01-03,2025-01-03 12:55:53,CUST000000076471,645758,3,2000000272856,1,CAD,49,10%,6,web,PRIME5
2025-01-03,2025-01-03 07:20:21,CUST000000209800,645759,1,2000000460543,1,INR,6039,5%,1035,app,FEST20
2025-01-03,2025-01-03 07:20:21,CUST000000209800,645759,2,2000000466798,1,INR,15015,7%,2510,app,FEST20
2025-01-03,2025-01-03 06:44:49,CUST000000027121,645760,1,2000000319384,3,CAD,5,4%,1,app,PRIME5
2025-01-03,2025-01-03 16:54:30,CUST000000256013,645761,1,2000000086576,Two,GBP,41,10%,14,web,
2025-01-03,2025-01-03 14:05:17,CUST000000064727,645762,1,2000000194172,1,INR,77075,14%,7989,web,PRIME5
2025-01-03,2025-01-03 19:10:38,CUST000000217576,645763,1,2000000232195,1,INR,1927,1%,231,app,
2025-01-03,2025-01-03 13:45:03,CUST000000127714,645764,1,2000000173498,Two,INR,58344,8%,12849,app,
2025-01-03,2025-01-03 00:14:52,CUST000000060957,645765,1,2000000137179,1,INR,11901,3%,576,app,PRIME5
2025-01-03,2025-01-03 18:33:30,CUST000000007576,645766,1,2000000451800,1,INR,846,13%,133,app,
2025-01-03,2025-01-03 07:02:44,CUST000000136492,645767,1,2000000129884,1,GBP,116,14%,5,app,SAVE50
2025-01-03,2025-01-03 02:13:56,CUST000000246654,645768,1,2000000155197,1,INR,3146,2%,557,web,
2025-01-03,2025-01-03 05:47:09,CUST000000048094,645769,1,2000000026367,1,INR,100890,9%,11002,web,
2025-01-03,2025-01-03 05:47:09,CUST000000048094,645769,2,2000000047799,Two,INR,61184,10%,5513,web,
2025-01-03,2025-01-03 07:29:57,CUST000000155495,645770,1,2000000441788,1,USD,$30,29%,3,app,SAVE50
2025-01-03,2025-01-03 07:29:57,CUST000000155495,645770,2,2000000233451,1,USD,$112,15%,5,app,SAVE50
2025-01-03,2025-01-03 15:25:57,CUST000000185214,645771,1,2000000026237,1,USD,$9,14%,1,app,
2025-01-03,2025-01-03 15:25:57,CUST000000185214,645771,2,2000000421179,Two,USD,$133,7%,13,app,
2025-01-03,2025-01-03 15:25:57,CUST000000185214,645771,3,2000000288048,Two,USD,$657,7%,147,app,
2025-01-03,2025-01-03 15:25:57,CUST000000185214,645771,4,2000000318035,1,USD,$33,2%,4,app,
2025-01-03,2025-01-03 08:03:59,CUST000000051449,645772,1,2000000493800,1,GBP,10,16%,2,app,
2025-01-03,2025-01-03 08:03:59,CUST000000051449,645772,2,2000000430508,1,GBP,43,23%,4,app,
2025-01-03,2025-01-03 06:02:57,CUST000000252397,645773,1,2000000303956,1,AED,458,2%,23,app,NEW10
2025-01-03,2025-01-03 12:30:21,CUST000000068568,645774,1,2000000429076,Two,USD,$16,0%,7,app,
2025-01-03,2025-01-03 12:30:21,CUST000000068568,645774,2,2000000280660,4,USD,$38,11%,17,app,
2025-01-03,2025-01-03 12:30:21,CUST000000068568,645774,3,2000000388816,1,USD,$8,6%,1,app,
2025-01-03,2025-01-03 12:30:21,CUST000000068568,645774,4,2000000166643,1,USD,$311,21%,13,app,
2025-01-03,2025-01-03 07:20:56,CUST000000246632,645775,1,2000000348094,1,INR,3233,9%,352,app,
2025-01-03,2025-01-03 18:46:58,CUST000000106218,645776,1,2000000400754,Two,INR,899,0%,216,web,NEW10
2025-01-03,2025-01-03 12:22:21,CUST000000030965,645777,1,2000000242255,Two,INR,26340,19%,7680,web,
2025-01-03,2025-01-03 12:53:52,CUST000000076546,645778,1,2000000175829,1,GBP,13,19%,2,app,PRIME5
2025-01-03,2025-01-03 14:21:49,CUST000000289481,645779,1,2000000348988,1,INR,9250,0%,463,app,
2025-01-03,2025-01-03 20:10:07,CUST000000147935,645780,1,2000000113388,1,INR,3082,17%,307,app,
2025-01-03,2025-01-03 22:32:36,CUST000000263352,645781,1,2000000494937,4,USD,$10,24%,2,web,
2025-01-03,2025-01-03 00:38:50,CUST000000117275,645782,1,2000000409092,1,INR,5686,4%,274,web,
2025-01-03,2025-01-03 00:38:50,CUST000000117275,645782,2,2000000232683,3,INR,6719,5%,3460,web,
2025-01-03,2025-01-03 19:05:40,CUST000000023441,645783,1,2000000076980,1,AED,62,0%,8,web,NEW10
2025-01-03,2025-01-03 19:05:40,CUST000000023441,645783,2,2000000089997,Two,AED,34,0%,13,web,NEW10
2025-01-03,2025-01-03 19:05:40,CUST000000023441,645783,3,2000000432175,3,AED,39,6%,6,web,NEW10
2025-01-03,2025-01-03 01:31:42,CUST000000210999,645784,1,2000000173306,3,INR,539,9%,266,web,
2025-01-03,2025-01-03 01:31:42,CUST000000210999,645784,2,2000000314433,1,INR,71358,11%,7589,web,
2025-01-03,2025-01-03 01:31:42,CUST000000210999,645784,3,2000000280547,Two,INR,428,0%,103,web,
2025-01-03,2025-01-03 13:44:50,CUST000000258677,645785,1,2000000336367,1,INR,15105,6%,713,app,FEST20
2025-01-03,2025-01-03 05:30:56,CUST000000214219,645786,1,2000000111360,1,INR,626,6%,71,app,PRIME5
2025-01-03,2025-01-03 05:30:56,CUST000000214219,645786,2,2000000323657,Two,INR,3415,13%,298,app,PRIME5
2025-01-03,2025-01-03 05:30:56,CUST000000214219,645786,3,2000000148496,1,INR,4971,9%,542,app,PRIME5
2025-01-03,2025-01-03 17:40:11,CUST000000163009,645787,1,2000000269221,1,AUD,58,0%,8,app,PRIME5
2025-01-03,2025-01-03 14:05:53,CUST000000030135,645788,1,2000000182766,4,INR,44678,10%,8040,web,
2025-01-03,2025-01-03 14:05:53,CUST000000030135,645788,2,2000000221946,Two,INR,9402,12%,832,web,
2025-01-03,2025-01-03 01:39:50,CUST000000133746,645789,1,2000000247755,Two,INR,94584,13%,19767,app,
2025-01-03,2025-01-03 02:44:22,CUST000000193572,645790,1,2000000034447,1,SGD,9,1%,2,app,
2025-01-03,2025-01-03 09:40:58,CUST000000228546,645791,1,2000000326467,1,INR,1320,13%,208,app,
2025-01-03,2025-01-03 09:40:58,CUST000000228546,645791,2,2000000234021,1,INR,3487,0%,175,app,
2025-01-03,2025-01-03 09:40:58,CUST000000228546,645791,3,2000000413464,1,INR,6291,4%,1092,app,
2025-01-03,2025-01-03 23:10:06,CUST000000286559,645792,1,2000000226262,1,GBP,213,13%,34,web,
2025-01-03,2025-01-03 23:10:06,CUST000000286559,645792,2,2000000119748,4,GBP,44,11%,29,web,
2025-01-03,2025-01-03 07:37:26,CUST000000017275,645793,1,2000000170176,1,INR,2393,4%,277,web,
2025-01-03,2025-01-03 18:56:32,CUST000000163959,645794,1,2000000359137,1,INR,2506,19%,245,app,
2025-01-03,2025-01-03 18:56:32,CUST000000163959,645794,2,2000000294957,1,INR,736,16%,112,app,
2025-01-03,2025-01-03 14:37:54,CUST000000279333,645795,1,2000000308227,3,INR,5593,15%,1705,app,
2025-01-03,2025-01-03 21:51:24,CUST000000083317,645796,1,2000000311210,1,GBP,10,8%,1,app,
2025-01-03,2025-01-03 09:32:31,CUST000000043096,645797,1,2000000441535,1,INR,1757,16%,74,app,
2025-01-03,2025-01-03 09:02:39,CUST000000294020,645798,1,2000000109336,Two,INR,3015,19%,590,app,
2025-01-03,2025-01-03 22:08:27,CUST000000041639,645799,1,2000000355405,1,USD,$8,10%,2,app,
2025-01-03,2025-01-03 22:08:27,CUST000000041639,645799,2,2000000202549,Two,USD,$25,4%,9,app,
2025-01-03,2025-01-03 05:11:09,CUST000000243299,645800,1,2000000004167,1,INR,3193,10%,145,web,FEST20
2025-01-03,2025-01-03 07:27:06,CUST000000055159,645801,1,2000000208350,1,AUD,68,17%,3,app,
2025-01-03,2025-01-03 07:27:06,CUST000000055159,645801,2,2000000100654,Two,AUD,1465,8%,324,app,
2025-01-03,2025-01-03 07:27:06,CUST000000055159,645801,3,2000000273815,Two,AUD,115,16%,10,app,
2025-01-03,2025-01-03 00:40:52,CUST000000178037,645802,1,2000000243412,1,GBP,87,15%,4,web,
2025-01-03,2025-01-03 00:40:52,CUST000000178037,645802,2,2000000303017,1,GBP,6,0%,2,web,
2025-01-03,2025-01-03 00:40:52,CUST000000178037,645802,3,2000000391731,1,GBP,21,9%,3,web,
2025-01-03,2025-01-03 04:02:26,CUST000000050340,645803,1,2000000117737,1,CAD,42,13%,5,app,
2025-01-03,2025-01-03 04:02:26,CUST000000050340,645803,2,2000000091310,1,CAD,54,10%,6,app,
2025-01-03,2025-01-03 15:15:46,CUST000000246974,645804,1,2000000116952,1,GBP,52,26%,5,web,
2025-01-03,2025-01-03 18:29:53,CUST000000206379,645805,1,2000000229638,1,INR,1097,15%,47,app,
2025-01-03,2025-01-03 18:29:53,CUST000000206379,645805,2,2000000313061,1,INR,8975,20%,864,app,
2025-01-03,2025-01-03 06:52:11,CUST000000259634,645806,1,2000000261416,1,INR,867,0%,156,web,SAVE50
2025-01-03,2025-01-03 09:12:06,CUST000000182701,645807,1,2000000372938,1,INR,2160,2%,106,app,
2025-01-03,2025-01-03 02:30:31,CUST000000264463,645808,1,2000000231204,1,SGD,43,2%,6,app,FEST20
2025-01-03,2025-01-03 02:30:31,CUST000000264463,645808,2,2000000075662,Two,SGD,14,0%,4,app,FEST20
2025-01-03,2025-01-03 02:30:31,CUST000000264463,645808,3,2000000121390,1,SGD,61,0%,12,app,FEST20
2025-01-03,2025-01-03 02:30:31,CUST000000264463,645808,4,2000000487403,1,SGD,207,20%,9,app,FEST20
2025-01-03,2025-01-03 02:30:31,CUST000000264463,645808,5,2000000477510,Two,SGD,3,7%,1,app,FEST20
2025-01-03,2025-01-03 11:23:19,CUST000000122085,645809,1,2000000086101,1,AED,1718,16%,73,app,
2025-01-03,2025-01-03 11:23:19,CUST000000122085,645809,2,2000000345598,3,AED,65,0%,24,app,
2025-01-03,2025-01-03 11:23:19,CUST000000122085,645809,3,2000000141404,1,AED,4790,12%,504,app,
2025-01-03,2025-01-03 01:38:15,CUST000000285449,645810,1,2000000048482,1,INR,2999,4%,347,app,
2025-01-03,2025-01-03 17:07:58,CUST000000108278,645811,1,2000000238975,1,INR,62166,18%,9194,web,
2025-01-03,2025-01-03 10:30:31,CUST000000168935,645812,1,2000000444635,1,AUD,10,4%,2,app,
2025-01-03,2025-01-03 10:30:31,CUST000000168935,645812,2,2000000111162,1,AUD,1849,0%,222,app,
2025-01-03,2025-01-03 23:51:05,CUST000000192247,645813,1,2000000181592,Two,SGD,1550,11%,330,app,
2025-01-03,2025-01-03 23:51:05,CUST000000192247,645813,2,2000000004839,Two,SGD,10,12%,4,app,
2025-01-03,2025-01-03 23:51:05,CUST000000192247,645813,3,2000000124070,1,SGD,29,9%,5,app,
2025-01-03,2025-01-03 09:55:40,CUST000000281961,645814,1,2000000131528,1,AUD,21,0%,2,app,
2025-01-03,2025-01-03 09:55:40,CUST000000281961,645814,2,2000000407784,1,AUD,21,0%,2,app,
2025-01-03,2025-01-03 09:55:40,CUST000000281961,645814,3,2000000355191,1,AUD,19,11%,3,app,
2025-01-03,2025-01-03 12:50:24,CUST000000260005,645815,1,2000000450919,1,INR,3881,6%,440,app,
2025-01-03,2025-01-03 12:50:24,CUST000000260005,645815,2,2000000444215,1,INR,2930,4%,142,app,
2025-01-03,2025-01-03 12:50:24,CUST000000260005,645815,3,2000000166155,1,INR,1079,8%,120,app,
2025-01-03,2025-01-03 12:50:24,CUST000000260005,645815,4,2000000299662,1,INR,5007,5%,572,app,
2025-01-03,2025-01-03 10:30:58,CUST000000180298,645816,1,2000000137636,Two,INR,2884,12%,254,web,PRIME5
2025-01-03,2025-01-03 22:44:13,CUST000000183607,645817,1,2000000108100,1,INR,1767,16%,179,web,
2025-01-03,2025-01-03 22:44:13,CUST000000183607,645817,2,2000000112251,1,INR,7780,1%,926,web,
2025-01-03,2025-01-03 22:44:13,CUST000000183607,645817,3,2000000315973,1,INR,3083,8%,342,web,
2025-01-03,2025-01-03 10:01:46,CUST000000203138,645818,1,2000000454160,1,INR,4081,7%,191,web,PRIME5
2025-01-03,2025-01-03 10:01:46,CUST000000203138,645818,2,2000000305653,1,INR,5251,21%,499,web,PRIME5
2025-01-03,2025-01-03 10:01:46,CUST000000203138,645818,3,2000000087474,1,INR,1622,0%,195,web,PRIME5
2025-01-03,2025-01-03 09:47:44,CUST000000130911,645819,1,2000000482088,Two,INR,6431,11%,1380,app,NEW10
2025-01-03,2025-01-03 09:47:44,CUST000000130911,645819,2,2000000486253,1,INR,1245,10%,135,app,NEW10
2025-01-03,2025-01-03 09:47:44,CUST000000130911,645819,3,2000000135595,1,INR,10809,0%,1298,app,NEW10
2025-01-03,2025-01-03 09:47:44,CUST000000130911,645819,4,2000000223131,1,INR,91193,10%,4124,app,NEW10
2025-01-03,2025-01-03 17:23:47,CUST000000262142,645820,1,2000000021379,1,USD,$763,17%,76,web,
2025-01-03,2025-01-03 16:22:07,CUST000000256282,645821,1,2000000251448,1,AED,184,14%,8,app,FEST20
2025-01-03,2025-01-03 16:22:07,CUST000000256282,645821,2,2000000446073,1,AED,190,6%,33,app,FEST20
2025-01-03,2025-01-03 20:34:00,CUST000000295918,645822,1,2000000236704,1,CAD,37,18%,2,web,FEST20
2025-01-03,2025-01-03 20:34:00,CUST000000295918,645822,2,2000000347103,1,CAD,31,11%,4,web,FEST20
2025-01-03,2025-01-03 18:44:25,CUST000000298226,645823,1,2000000062716,1,INR,70800,4%,3399,app,
2025-01-03,2025-01-03 07:52:16,CUST000000129590,645824,1,2000000352411,1,INR,45544,0%,5466,web,
2025-01-03,2025-01-03 10:45:28,CUST000000277218,645825,1,2000000482767,1,INR,2934,4%,338,app,
2025-01-03,2025-01-03 20:23:02,CUST000000075988,645826,1,2000000448527,1,INR,2594,13%,272,app,PRIME5
2025-01-03,2025-01-03 08:37:24,CUST000000019245,645827,1,2000000236483,Two,GBP,6,0%,2,app,PRIME5
2025-01-03,2025-01-03 04:01:14,CUST000000222920,645828,1,2000000053813,1,SGD,81,21%,8,web,NEW10
2025-01-03,2025-01-03 12:30:58,CUST000000264818,645829,1,2000000460482,3,INR,2357,12%,750,app,SAVE50
2025-01-03,2025-01-03 17:43:57,CUST000000159754,645830,1,2000000128313,1,INR,73603,7%,8179,app,
2025-01-03,2025-01-03 18:47:24,CUST000000152778,645831,1,2000000129587,1,GBP,155,1%,19,app,
2025-01-03,2025-01-03 06:51:55,CUST000000275758,645832,1,2000000081496,1,INR,2051,6%,232,app,
2025-01-03,2025-01-03 01:15:28,CUST000000048680,645833,1,2000000052588,1,INR,906,8%,42,app,
2025-01-03,2025-01-03 20:06:53,CUST000000171470,645834,1,2000000357522,Two,GBP,61,3%,6,web,NEW10
2025-01-03,2025-01-03 11:44:56,CUST000000193256,645835,1,2000000342443,1,INR,9987,8%,1106,app,PRIME5
2025-01-03,2025-01-03 22:56:48,CUST000000222438,645836,1,2000000082837,1,INR,3897,8%,180,app,NEW10
2025-01-03,2025-01-03 22:56:48,CUST000000222438,645836,2,2000000342030,1,INR,7491,22%,291,app,NEW10
2025-01-03,2025-01-03 22:56:48,CUST000000222438,645836,3,2000000215587,1,INR,368,12%,17,app,NEW10
2025-01-03,2025-01-03 04:24:56,CUST000000194271,645837,1,2000000216065,1,AUD,54,1%,7,app,
2025-01-03,2025-01-03 21:56:39,CUST000000185263,645838,1,2000000421698,1,SGD,31,11%,4,app,
2025-01-03,2025-01-03 21:56:39,CUST000000185263,645838,2,2000000386645,Two,SGD,204,0%,21,app,
2025-01-03,2025-01-03 21:56:39,CUST000000185263,645838,3,2000000177496,Two,SGD,64,5%,15,app,
2025-01-03,2025-01-03 21:56:39,CUST000000185263,645838,4,2000000377209,Two,SGD,50,11%,11,app,
2025-01-03,2025-01-03 21:56:39,CUST000000185263,645838,5,2000000248318,Two,SGD,75,11%,7,app,
2025-01-03,2025-01-03 01:03:36,CUST000000027868,645839,1,2000000073132,1,AUD,3,19%,1,app,
2025-01-03,2025-01-03 11:44:54,CUST000000073679,645840,1,2000000022567,Two,INR,2812,13%,590,web,
2025-01-03,2025-01-03 11:44:54,CUST000000073679,645840,2,2000000327327,1,INR,1930,5%,92,web,
2025-01-03,2025-01-03 11:44:54,CUST000000073679,645840,3,2000000318738,1,INR,3373,12%,357,web,
2025-01-03,2025-01-03 11:44:54,CUST000000073679,645840,4,2000000007588,1,INR,54645,17%,5436,web,
2025-01-03,2025-01-03 21:28:55,CUST000000048674,645841,1,2000000025483,1,INR,1596,18%,66,web,
2025-01-03,2025-01-03 00:15:34,CUST000000129321,645842,1,2000000339092,1,AED,429,13%,45,app,
2025-01-03,2025-01-03 00:15:34,CUST000000129321,645842,2,2000000061108,Two,AED,23,17%,5,app,
2025-01-03,2025-01-03 04:03:16,CUST000000173035,645843,1,2000000303871,Two,CAD,27,2%,7,app,FEST20
2025-01-03,2025-01-03 23:42:12,CUST000000271080,645844,1,2000000459332,1,GBP,37,14%,4,web,SAVE50
2025-01-03,2025-01-03 04:01:03,CUST000000281838,645845,1,2000000069555,1,INR,24379,19%,2363,app,
2025-01-03,2025-01-03 04:01:03,CUST000000281838,645845,2,2000000104225,1,INR,5107,8%,563,app,
2025-01-03,2025-01-03 22:43:31,CUST000000131976,645846,1,2000000346779,1,INR,2488,11%,111,web,
2025-01-03,2025-01-03 22:43:31,CUST000000131976,645846,2,2000000156545,Two,INR,809,29%,208,web,
2025-01-03,2025-01-03 14:48:55,CUST000000209572,645847,1,2000000163789,1,INR,1745,8%,81,app,FEST20
2025-01-03,2025-01-03 17:04:51,CUST000000049190,645848,1,2000000159485,1,INR,4921,11%,790,web,
2025-01-03,2025-01-03 16:11:47,CUST000000045781,645849,1,2000000236094,1,AUD,129,0%,16,app,
2025-01-03,2025-01-03 16:11:47,CUST000000045781,645849,2,2000000185163,1,AUD,10,4%,2,app,
2025-01-03,2025-01-03 16:11:47,CUST000000045781,645849,3,2000000109978,Two,AUD,962,3%,335,app,
2025-01-03,2025-01-03 11:06:37,CUST000000229075,645850,1,2000000250021,4,INR,8223,0%,3948,app,FEST20
2025-01-03,2025-01-03 11:06:37,CUST000000229075,645850,2,2000000455914,1,INR,15718,8%,724,app,FEST20
2025-01-03,2025-01-03 15:06:21,CUST000000285883,645851,1,2000000176895,1,INR,1446,6%,245,app,
2025-01-03,2025-01-03 11:16:57,CUST000000246080,645852,1,2000000333281,1,INR,1724,25%,233,app,
2025-01-03,2025-01-03 11:16:57,CUST000000246080,645852,2,2000000372433,1,INR,6125,0%,307,app,
2025-01-03,2025-01-03 11:16:57,CUST000000246080,645852,3,2000000427201,1,INR,3316,0%,398,app,
2025-01-03,2025-01-03 11:16:57,CUST000000246080,645852,4,2000000074924,1,INR,6703,17%,670,app,
2025-01-03,2025-01-03 08:06:33,CUST000000015817,645853,1,2000000354309,1,INR,38076,0%,4570,app,SAVE50
2025-01-03,2025-01-03 08:06:33,CUST000000015817,645853,2,2000000353609,1,INR,7899,8%,877,app,SAVE50
2025-01-03,2025-01-03 08:06:33,CUST000000015817,645853,3,2000000003818,1,INR,4478,10%,728,app,SAVE50
2025-01-03,2025-01-03 03:35:37,CUST000000206695,645854,1,2000000455198,1,USD,$23,18%,4,app,
2025-01-03,2025-01-03 03:35:37,CUST000000206695,645854,2,2000000180151,1,USD,$459,15%,47,app,
2025-01-03,2025-01-03 03:35:37,CUST000000206695,645854,3,2000000104355,1,USD,$22,2%,4,app,
2025-01-03,2025-01-03 09:55:36,CUST000000204696,645855,1,2000000104836,1,INR,2205,4%,106,app,
2025-01-03,2025-01-03 09:55:36,CUST000000204696,645855,2,2000000144900,1,INR,50881,2%,9015,app,
2025-01-03,2025-01-03 03:19:32,CUST000000081359,645856,1,2000000238128,1,GBP,41,4%,2,app,
2025-01-03,2025-01-03 03:19:32,CUST000000081359,645856,2,2000000374192,3,GBP,4,14%,1,app,
2025-01-03,2025-01-03 07:48:38,CUST000000196089,645857,1,2000000142463,Two,AUD,65,24%,12,app,
2025-01-03,2025-01-03 07:48:38,CUST000000196089,645857,2,2000000260983,1,AUD,310,0%,38,app,
2025-01-03,2025-01-03 17:01:59,CUST000000249491,645858,1,2000000074818,1,INR,11146,2%,1305,app,
2025-01-03,2025-01-03 15:04:03,CUST000000281565,645859,1,2000000365053,1,INR,2424,17%,102,web,FEST20
2025-01-03,2025-01-03 15:04:03,CUST000000281565,645859,2,2000000464275,1,INR,59777,20%,2379,web,FEST20
2025-01-03,2025-01-03 15:04:03,CUST000000281565,645859,3,2000000342108,1,INR,14479,2%,2567,web,FEST20
2025-01-03,2025-01-03 15:04:03,CUST000000281565,645859,4,2000000066844,1,INR,5548,3%,649,web,FEST20
2025-01-03,2025-01-03 04:47:00,CUST000000279342,645860,1,2000000463544,1,AED,2952,9%,135,web,
2025-01-03,2025-01-03 18:54:42,CUST000000170950,645861,1,2000000319520,1,INR,12216,12%,1285,web,
2025-01-03,2025-01-03 18:54:42,CUST000000170950,645861,2,2000000237732,1,INR,3984,34%,472,web,
2025-01-03,2025-01-03 14:18:32,CUST000000290597,645862,1,2000000282732,1,INR,13077,20%,524,app,
2025-01-03,2025-01-03 14:18:32,CUST000000290597,645862,2,2000000175614,1,INR,4625,8%,765,app,
2025-01-03,2025-01-03 14:18:32,CUST000000290597,645862,3,2000000333298,1,INR,4403,4%,509,app,
2025-01-03,2025-01-03 05:14:29,CUST000000105490,645863,1,2000000106984,1,SGD,29,7%,4,app,
2025-01-03,2025-01-03 08:21:22,CUST000000155178,645864,1,2000000406695,1,INR,3864,13%,402,app,FEST20
2025-01-03,2025-01-03 08:21:22,CUST000000155178,645864,2,2000000342368,Two,INR,2360,29%,401,app,FEST20
2025-01-03,2025-01-03 08:21:22,CUST000000155178,645864,3,2000000399966,4,INR,965,21%,367,app,FEST20
2025-01-03,2025-01-03 08:21:22,CUST000000155178,645864,4,2000000195452,Two,INR,63525,8%,5857,app,FEST20
2025-01-03,2025-01-03 21:16:25,CUST000000031956,645865,1,2000000477466,1,INR,10209,0%,511,web,
2025-01-03,2025-01-03 21:16:25,CUST000000031956,645865,2,2000000294230,Two,INR,5660,5%,1295,web,
2025-01-03,2025-01-03 21:16:25,CUST000000031956,645865,3,2000000203560,1,INR,2037,11%,217,web,
2025-01-03,2025-01-03 21:16:25,CUST000000031956,645865,4,2000000136035,1,INR,1202,9%,132,web,
2025-01-03,2025-01-03 16:29:20,CUST000000248555,645866,1,2000000411286,1,SGD,30,18%,3,web,FEST20
2025-01-03,2025-01-03 17:22:08,CUST000000273006,645867,1,2000000335513,Two,GBP,47,14%,10,app,PRIME5
2025-01-03,2025-01-03 15:04:48,CUST000000012876,645868,1,2000000228938,1,SGD,41,0%,8,app,
2025-01-03,2025-01-03 15:04:48,CUST000000012876,645868,2,2000000178844,1,SGD,11,0%,1,app,
2025-01-03,2025-01-03 21:48:48,CUST000000235690,645869,1,2000000329758,1,INR,1859,14%,193,web,
2025-01-03,2025-01-03 15:17:34,CUST000000109548,645870,1,2000000070872,1,INR,1571,9%,72,app,
2025-01-03,2025-01-03 20:06:25,CUST000000219983,645871,1,2000000191461,Two,CAD,18,0%,2,web,
2025-01-03,2025-01-03 20:06:25,CUST000000219983,645871,2,2000000042923,1,CAD,4,1%,1,web,
2025-01-03,2025-01-03 22:46:15,CUST000000074674,645872,1,2000000081557,1,INR,987,4%,171,app,
2025-01-03,2025-01-03 15:05:53,CUST000000266874,645873,1,2000000486956,Two,SGD,81,0%,9,app,
2025-01-03,2025-01-03 03:14:10,CUST000000255163,645874,1,2000000498911,Two,SGD,23,14%,5,app,
2025-01-03,2025-01-03 03:14:10,CUST000000255163,645874,2,2000000389660,Two,SGD,105,11%,10,app,
2025-01-03,2025-01-03 18:45:02,CUST000000167228,645875,1,2000000407609,1,INR,4095,13%,427,web,
2025-01-03,2025-01-03 14:11:32,CUST000000216061,645876,1,2000000336022,1,INR,46306,0%,2316,app,PRIME5
2025-01-03,2025-01-03 21:46:09,CUST000000283730,645877,1,2000000308463,1,INR,6053,4%,293,app,NEW10
2025-01-03,2025-01-03 21:46:09,CUST000000283730,645877,2,2000000492599,Two,INR,4728,2%,1664,app,NEW10
2025-01-03,2025-01-03 21:46:09,CUST000000283730,645877,3,2000000422251,1,INR,317,2%,16,app,NEW10
2025-01-03,2025-01-03 08:45:35,CUST000000082994,645878,1,2000000357638,1,INR,1017,8%,47,app,
2025-01-03,2025-01-03 00:07:14,CUST000000234802,645879,1,2000000002804,Two,SGD,179,5%,62,app,SAVE50
2025-01-03,2025-01-03 00:07:14,CUST000000234802,645879,2,2000000245249,1,SGD,637,11%,69,app,SAVE50
2025-01-03,2025-01-03 00:07:14,CUST000000234802,645879,3,2000000357034,1,SGD,45,9%,8,app,SAVE50
2025-01-03,2025-01-03 00:07:14,CUST000000234802,645879,4,2000000185521,1,SGD,28,1%,4,app,SAVE50
2025-01-03,2025-01-03 13:12:21,CUST000000251477,645880,1,2000000048208,1,INR,4632,2%,815,web,
2025-01-03,2025-01-03 16:13:50,CUST000000214800,645881,1,2000000155012,1,INR,4774,7%,223,web,
2025-01-03,2025-01-03 16:13:50,CUST000000214800,645881,2,2000000392424,1,INR,3181,5%,544,web,
2025-01-03,2025-01-03 12:51:19,CUST000000204499,645882,1,2000000455129,1,INR,322,5%,16,app,
2025-01-03,2025-01-03 12:51:19,CUST000000204499,645882,2,2000000359816,1,INR,1795,4%,311,app,
2025-01-03,2025-01-03 12:51:19,CUST000000204499,645882,3,2000000238036,Two,INR,16673,15%,5121,app,
2025-01-03,2025-01-03 15:53:19,CUST000000143661,645883,1,2000000327877,1,AED,200,23%,28,app,
2025-01-03,2025-01-03 20:46:22,CUST000000209222,645884,1,2000000192789,1,USD,$130,6%,15,web,
2025-01-03,2025-01-03 07:07:06,CUST000000061607,645885,1,2000000217642,1,AED,62,2%,12,web,
2025-01-03,2025-01-03 09:17:28,CUST000000084694,645886,1,2000000381015,Two,INR,67945,8%,15069,app,
2025-01-03,2025-01-03 06:56:01,CUST000000256179,645887,1,2000000257280,Two,INR,5175,5%,1177,app,
2025-01-03,2025-01-03 13:59:44,CUST000000197585,645888,1,2000000349039,Two,SGD,30,17%,7,web,PRIME5
2025-01-03,2025-01-03 07:09:14,CUST000000275636,645889,1,2000000319827,1,INR,8483,18%,838,web,FEST20
2025-01-03,2025-01-03 13:19:30,CUST000000256143,645890,1,2000000100814,3,INR,3781,7%,530,app,
2025-01-03,2025-01-03 08:56:57,CUST000000280231,645891,1,2000000236292,Two,INR,4389,7%,978,app,
2025-01-03,2025-01-03 08:56:57,CUST000000280231,645891,2,2000000027401,1,INR,252,15%,39,app,
2025-01-03,2025-01-03 11:31:59,CUST000000157055,645892,1,2000000497969,1,INR,32334,22%,4553,web,PRIME5
2025-01-03,2025-01-03 19:50:22,CUST000000111148,645893,1,2000000218731,Two,USD,$21,1%,3,web,
2025-01-03,2025-01-03 05:32:44,CUST000000209718,645894,1,2000000268712,1,CAD,33,15%,4,app,
2025-01-03,2025-01-03 05:32:44,CUST000000209718,645894,2,2000000092935,1,CAD,203,0%,25,app,
2025-01-03,2025-01-03 19:56:13,CUST000000097163,645895,1,2000000269559,Two,INR,10211,24%,1851,app,FEST20
2025-01-03,2025-01-03 03:28:01,CUST000000031412,645896,1,2000000421292,1,AED,44,2%,6,web,
2025-01-03,2025-01-03 20:32:27,CUST000000242997,645897,1,2000000168609,3,AUD,10,26%,2,web,
2025-01-03,2025-01-03 01:03:38,CUST000000028888,645898,1,2000000055411,1,GBP,105,15%,5,web,
2025-01-03,2025-01-03 01:03:38,CUST000000028888,645898,2,2000000197661,1,GBP,11,9%,2,web,
2025-01-03,2025-01-03 01:03:38,CUST000000028888,645898,3,2000000171951,1,GBP,56,19%,6,web,
2025-01-03,2025-01-03 00:16:27,CUST000000227273,645899,1,2000000462042,1,INR,4000,3%,466,app,
2025-01-03,2025-01-03 00:16:27,CUST000000227273,645899,2,2000000411088,Two,INR,47689,0%,4769,app,
2025-01-03,2025-01-03 11:31:06,CUST000000221418,645900,1,2000000097404,1,SGD,83,0%,11,web,PRIME5
2025-01-03,2025-01-03 11:31:06,CUST000000221418,645900,2,2000000259246,1,SGD,19,9%,1,web,PRIME5
2025-01-03,2025-01-03 11:31:06,CUST000000221418,645900,3,2000000250151,1,SGD,117,6%,14,web,PRIME5
2025-01-03,2025-01-03 11:31:06,CUST000000221418,645900,4,2000000095240,1,SGD,1454,0%,175,web,PRIME5
2025-01-03,2025-01-03 23:06:01,CUST000000182113,645901,1,2000000245676,1,INR,4788,19%,702,app,
2025-01-03,2025-01-03 07:03:46,CUST000000062052,645902,1,2000000413693,1,INR,2447,9%,269,web,
2025-01-03,2025-01-03 03:48:58,CUST000000248644,645903,1,2000000366487,1,INR,554,0%,100,app,
2025-01-03,2025-01-03 23:46:26,CUST000000055087,645904,1,2000000342832,1,SGD,12,1%,1,web,
2025-01-03,2025-01-03 16:43:59,CUST000000095885,645905,1,2000000461144,4,INR,3002,13%,521,web,
2025-01-03,2025-01-03 05:36:10,CUST000000266517,645906,1,2000000455501,1,CAD,51,17%,3,web,SAVE50
2025-01-03,2025-01-03 13:37:46,CUST000000245471,645907,1,2000000075426,1,SGD,1736,15%,178,app,SAVE50
2025-01-03,2025-01-03 09:10:59,CUST000000168590,645908,1,2000000446998,1,AED,52,5%,6,web,SAVE50
2025-01-03,2025-01-03 09:10:59,CUST000000168590,645908,2,2000000113463,1,AED,191,18%,29,web,SAVE50
2025-01-03,2025-01-03 14:04:39,CUST000000142621,645909,1,2000000029146,1,INR,2789,5%,134,web,FEST20
2025-01-03,2025-01-03 14:04:39,CUST000000142621,645909,2,2000000330495,1,INR,21578,26%,803,web,FEST20
2025-01-03,2025-01-03 14:04:39,CUST000000142621,645909,3,2000000242712,1,INR,3244,8%,537,web,FEST20
2025-01-03,2025-01-03 18:30:16,CUST000000116728,645910,1,2000000429342,1,INR,3947,9%,429,web,SAVE50
2025-01-03,2025-01-03 08:47:38,CUST000000265569,645911,1,2000000496504,1,INR,16041,13%,1680,app,PRIME5
2025-01-03,2025-01-03 04:58:58,CUST000000135555,645912,1,2000000344201,1,AUD,7,10%,1,app,
2025-01-03,2025-01-03 04:58:58,CUST000000135555,645912,2,2000000339139,Two,AUD,259,11%,83,app,
2025-01-03,2025-01-03 04:58:58,CUST000000135555,645912,3,2000000180922,1,AUD,787,13%,83,app,
2025-01-03,2025-01-03 04:58:58,CUST000000135555,645912,4,2000000274997,Two,AUD,16,13%,4,app,
2025-01-03,2025-01-03 05:58:28,CUST000000005639,645913,1,2000000466453,1,SGD,16,5%,2,web,
2025-01-03,2025-01-03 05:58:28,CUST000000005639,645913,2,2000000010229,1,SGD,12,23%,1,web,
2025-01-03,2025-01-03 17:09:02,CUST000000203512,645914,1,2000000080239,4,USD,$4,16%,3,web,NEW10
2025-01-03,2025-01-03 03:19:26,CUST000000179800,645915,1,2000000205984,3,SGD,1394,3%,203,web,NEW10
2025-01-03,2025-01-03 03:19:26,CUST000000179800,645915,2,2000000316437,1,SGD,1650,10%,179,web,NEW10
2025-01-03,2025-01-03 03:19:26,CUST000000179800,645915,3,2000000363011,1,SGD,216,2%,11,web,NEW10
2025-01-03,2025-01-03 14:18:27,CUST000000193231,645916,1,2000000342566,1,USD,$61,6%,7,web,NEW10
2025-01-03,2025-01-03 14:18:27,CUST000000193231,645916,2,2000000460253,3,USD,$11,12%,4,web,NEW10
2025-01-03,2025-01-03 20:09:18,CUST000000193804,645917,1,2000000455211,1,CAD,23,12%,3,web,FEST20
2025-01-03,2025-01-03 20:09:18,CUST000000193804,645917,2,2000000327808,1,CAD,21,5%,3,web,FEST20
2025-01-03,2025-01-03 20:09:18,CUST000000193804,645917,3,2000000010823,1,CAD,202,10%,10,web,FEST20
2025-01-03,2025-01-03 20:09:18,CUST000000193804,645917,4,2000000118871,1,CAD,133,9%,23,web,FEST20
2025-01-03,2025-01-03 22:03:02,CUST000000030479,645918,1,2000000085043,Two,GBP,47,11%,16,app,
2025-01-03,2025-01-03 02:32:17,CUST000000040145,645919,1,2000000185644,1,INR,15834,13%,688,web,
2025-01-03,2025-01-03 19:11:13,CUST000000214835,645920,1,2000000110776,1,AUD,108,0%,14,web,NEW10
2025-01-03,2025-01-03 11:53:03,CUST000000044297,645921,1,2000000152530,1,AED,54,0%,3,app,
2025-01-03,2025-01-03 10:56:47,CUST000000011728,645922,1,2000000112497,1,USD,$7,21%,2,app,FEST20
2025-01-03,2025-01-03 04:25:58,CUST000000140348,645923,1,2000000397856,3,INR,3033,6%,1541,web,FEST20
2025-01-03,2025-01-03 00:21:53,CUST000000086044,645924,1,2000000407395,Two,INR,4802,21%,907,app,
2025-01-03,2025-01-03 00:21:53,CUST000000086044,645924,2,2000000119786,1,INR,4653,6%,527,app,
2025-01-03,2025-01-03 20:55:14,CUST000000085199,645925,1,2000000479958,1,INR,4274,7%,713,app,FEST20
2025-01-03,2025-01-03 01:10:33,CUST000000136679,645926,1,2000000369501,Two,AED,9,6%,3,app,NEW10
2025-01-03,2025-01-03 17:25:37,CUST000000090320,645927,1,2000000449913,1,INR,567,9%,63,app,
2025-01-03,2025-01-03 20:37:35,CUST000000058916,645928,1,2000000107301,4,USD,$80,0%,39,web,
2025-01-03,2025-01-03 20:37:35,CUST000000058916,645928,2,2000000047164,1,USD,$527,0%,27,web,
2025-01-03,2025-01-03 04:35:09,CUST000000205809,645929,1,2000000356686,1,AUD,148,6%,17,web,
2025-01-03,2025-01-03 22:09:09,CUST000000248454,645930,1,2000000295121,1,AUD,209,6%,24,web,
2025-01-03,2025-01-03 22:09:09,CUST000000248454,645930,2,2000000056807,1,AUD,17,9%,2,web,
2025-01-03,2025-01-03 02:17:56,CUST000000104829,645931,1,2000000147482,1,INR,2607,0%,470,app,FEST20
2025-01-03,2025-01-03 02:17:56,CUST000000104829,645931,2,2000000125718,1,INR,15105,11%,2426,app,FEST20
2025-01-03,2025-01-03 02:17:56,CUST000000104829,645931,3,2000000018485,Two,INR,46428,19%,8987,app,FEST20
2025-01-03,2025-01-03 19:42:01,CUST000000156277,645932,1,2000000164335,1,AED,987,12%,105,web,NEW10
2025-01-03,2025-01-03 01:01:48,CUST000000032467,645933,1,2000000354309,Two,INR,29040,12%,6107,app,SAVE50
2025-01-03,2025-01-03 07:38:24,CUST000000290443,645934,1,2000000115641,1,INR,1594,11%,170,app,
2025-01-03,2025-01-03 10:09:35,CUST000000097258,645935,1,2000000238425,1,INR,92712,5%,10609,app,
2025-01-03,2025-01-03 10:09:35,CUST000000097258,645935,2,2000000094076,3,INR,1071,9%,353,app,
2025-01-03,2025-01-03 10:09:35,CUST000000097258,645935,3,2000000489476,3,INR,536,2%,284,app,
2025-01-03,2025-01-03 19:01:29,CUST000000293606,645936,1,2000000313351,1,INR,1819,7%,85,web,
2025-01-03,2025-01-03 23:29:01,CUST000000086016,645937,1,2000000349664,1,AUD,21,0%,2,web,
2025-01-03,2025-01-03 23:29:01,CUST000000086016,645937,2,2000000046334,1,AUD,26,16%,5,web,
2025-01-03,2025-01-03 16:51:53,CUST000000053509,645938,1,2000000222196,1,GBP,17,14%,3,app,
2025-01-03,2025-01-03 16:51:53,CUST000000053509,645938,2,2000000330129,1,GBP,26,20%,3,app,
2025-01-03,2025-01-03 03:25:53,CUST000000168120,645939,1,2000000477893,1,INR,95356,0%,4768,app,PRIME5
2025-01-03,2025-01-03 12:36:58,CUST000000211160,645940,1,2000000370002,3,INR,2557,0%,921,web,
2025-01-03,2025-01-03 12:36:58,CUST000000211160,645940,2,2000000309040,1,INR,3539,0%,425,web,
2025-01-03,2025-01-03 21:16:00,CUST000000085905,645941,1,2000000183046,1,SGD,16,6%,3,web,
2025-01-03,2025-01-03 12:51:47,CUST000000188295,645942,1,2000000226118,1,GBP,19,16%,2,web,
2025-01-03,2025-01-03 15:21:56,CUST000000207502,645943,1,2000000244136,1,INR,2055,4%,238,app,PRIME5
2025-01-03,2025-01-03 15:21:56,CUST000000207502,645943,2,2000000112190,1,INR,3875,5%,444,app,PRIME5
2025-01-03,2025-01-03 15:21:56,CUST000000207502,645943,3,2000000318295,1,INR,4923,11%,220,app,PRIME5
2025-01-03,2025-01-03 04:30:29,CUST000000199130,645944,1,2000000061122,Two,INR,10780,15%,3289,web,
2025-01-03,2025-01-03 04:30:29,CUST000000199130,645944,2,2000000214917,Two,INR,4730,16%,400,web,
2025-01-03,2025-01-03 10:24:26,CUST000000164186,645945,1,2000000341774,1,INR,1226,28%,106,web,FEST20
2025-01-03,2025-01-03 03:25:48,CUST000000244199,645946,1,2000000189550,1,USD,$8,0%,1,web,
2025-01-03,2025-01-03 03:25:48,CUST000000244199,645946,2,2000000050232,1,USD,$114,0%,14,web,
2025-01-03,2025-01-03 02:58:20,CUST000000294143,645947,1,2000000281483,1,INR,1399,19%,137,web,SAVE50
2025-01-03,2025-01-03 02:58:20,CUST000000294143,645947,2,2000000385457,Two,INR,2885,0%,289,web,SAVE50
2025-01-03,2025-01-03 15:15:45,CUST000000018429,645948,1,2000000406718,Two,AUD,89,13%,28,web,
2025-01-03,2025-01-03 16:46:57,CUST000000094855,645949,1,2000000147871,1,AED,12,2%,2,web,FEST20
2025-01-03,2025-01-03 05:10:46,CUST000000099479,645950,1,2000000275062,1,INR,16558,16%,697,web,
2025-01-03,2025-01-03 05:10:46,CUST000000099479,645950,2,2000000200699,1,INR,4399,6%,745,web,
2025-01-03,2025-01-03 05:46:56,CUST000000243426,645951,1,2000000077284,1,INR,1653,13%,72,web,
2025-01-03,2025-01-03 05:46:56,CUST000000243426,645951,2,2000000337296,1,INR,64129,19%,9320,web,
2025-01-03,2025-01-03 05:46:56,CUST000000243426,645951,3,2000000095240,Two,INR,76079,16%,6418,web,
2025-01-03,2025-01-03 09:49:30,CUST000000046915,645952,1,2000000433080,4,AED,1573,15%,269,app,SAVE50
2025-01-03,2025-01-03 09:49:30,CUST000000046915,645952,2,2000000028002,3,AED,122,6%,42,app,SAVE50
2025-01-03,2025-01-03 09:49:30,CUST000000046915,645952,3,2000000082165,1,AED,28,22%,4,app,SAVE50
2025-01-03,2025-01-03 23:47:02,CUST000000071328,645953,1,2000000494296,1,AED,37,25%,4,web,
2025-01-03,2025-01-03 22:04:06,CUST000000157893,645954,1,2000000287140,Two,INR,7445,0%,2681,web,
2025-01-03,2025-01-03 22:04:06,CUST000000157893,645954,2,2000000477435,Two,INR,6562,4%,2280,web,
2025-01-03,2025-01-03 22:04:06,CUST000000157893,645954,3,2000000470894,3,INR,1221,3%,428,web,
2025-01-03,2025-01-03 22:04:06,CUST000000157893,645954,4,2000000141015,1,INR,28209,0%,3386,web,
2025-01-03,2025-01-03 01:44:09,CUST000000114986,645955,1,2000000177786,Two,INR,855,15%,73,app,FEST20
2025-01-03,2025-01-03 01:44:09,CUST000000114986,645955,2,2000000329772,1,INR,5106,2%,600,app,FEST20
2025-01-03,2025-01-03 19:04:42,CUST000000250312,645956,1,2000000330723,1,INR,36495,6%,4131,app,FEST20
2025-01-03,2025-01-03 10:49:05,CUST000000188530,645957,1,2000000207971,1,INR,1549,11%,167,app,FEST20
2025-01-03,2025-01-03 06:22:07,CUST000000254774,645958,1,2000000123479,Two,INR,6924,5%,1585,app,
2025-01-03,2025-01-03 06:22:07,CUST000000254774,645958,2,2000000150512,1,INR,2871,13%,300,app,
2025-01-03,2025-01-03 11:54:28,CUST000000238918,645959,1,2000000322384,Two,AED,2784,15%,568,web,PRIME5
2025-01-03,2025-01-03 13:02:39,CUST000000003013,645960,1,2000000014289,Two,AED,1604,13%,140,web,
2025-01-03,2025-01-03 01:43:32,CUST000000208482,645961,1,2000000182902,Two,INR,2565,8%,850,web,NEW10
2025-01-03,2025-01-03 16:30:30,CUST000000083729,645962,1,2000000394541,1,INR,7887,0%,947,app,SAVE50
2025-01-03,2025-01-03 10:52:25,CUST000000294061,645963,1,2000000427782,1,INR,5049,0%,606,app,
2025-01-03,2025-01-03 10:52:25,CUST000000294061,645963,2,2000000142371,1,INR,590,21%,57,app,
2025-01-03,2025-01-03 13:28:14,CUST000000270781,645964,1,2000000124810,1,INR,35504,0%,4261,web,
2025-01-03,2025-01-03 11:29:15,CUST000000163854,645965,1,2000000150055,1,INR,375,0%,45,web,PRIME5
2025-01-03,2025-01-03 08:00:13,CUST000000109360,645966,1,2000000452319,1,INR,1028,0%,124,web,PRIME5
2025-01-03,2025-01-03 08:00:13,CUST000000109360,645966,2,2000000382029,1,INR,802,21%,114,web,PRIME5
2025-01-03,2025-01-03 08:00:13,CUST000000109360,645966,3,2000000121215,Two,INR,6428,14%,1997,web,PRIME5
2025-01-03,2025-01-03 08:00:13,CUST000000109360,645966,4,2000000050041,1,INR,13586,25%,507,web,PRIME5
2025-01-03,2025-01-03 14:36:50,CUST000000290217,645967,1,2000000270005,1,INR,1857,6%,210,app,NEW10
2025-01-03,2025-01-03 07:11:33,CUST000000161704,645968,1,2000000377575,1,INR,3427,3%,596,web,PRIME5
2025-01-03,2025-01-03 07:11:33,CUST000000161704,645968,2,2000000442839,1,INR,973,1%,49,web,PRIME5
2025-01-03,2025-01-03 20:52:44,CUST000000110134,645969,1,2000000345857,Two,GBP,5,0%,2,web,
2025-01-03,2025-01-03 20:52:44,CUST000000110134,645969,2,2000000040158,1,GBP,23,12%,2,web,
2025-01-03,2025-01-03 20:52:44,CUST000000110134,645969,3,2000000137261,1,GBP,10,3%,2,web,
2025-01-03,2025-01-03 06:33:16,CUST000000002793,645970,1,2000000279022,1,INR,2579,1%,307,app,FEST20
2025-01-03,2025-01-03 15:43:13,CUST000000299376,645971,1,2000000491806,Two,INR,797,8%,74,web,
2025-01-03,2025-01-03 16:16:51,CUST000000223233,645972,1,2000000081892,1,INR,2575,13%,113,web,
2025-01-03,2025-01-03 01:47:30,CUST000000167924,645973,1,2000000467979,1,GBP,1092,3%,192,web,
2025-01-03,2025-01-03 18:09:38,CUST000000083046,645974,1,2000000267401,1,INR,5008,2%,883,web,
2025-01-03,2025-01-03 08:49:52,CUST000000066353,645975,1,2000000361000,1,GBP,9,3%,1,app,
2025-01-03,2025-01-03 23:30:58,CUST000000289886,645976,1,2000000318950,1,INR,20771,10%,2252,app,PRIME5
2025-01-03,2025-01-03 19:37:32,CUST000000027640,645977,1,2000000426297,1,AUD,1019,5%,117,web,FEST20
2025-01-03,2025-01-03 12:33:31,CUST000000272278,645978,1,2000000346649,1,INR,98470,0%,11817,app,
2025-01-03,2025-01-03 23:00:48,CUST000000267163,645979,1,2000000077628,1,AED,91,19%,4,app,PRIME5
2025-01-03,2025-01-03 20:16:00,CUST000000235795,645980,1,2000000131726,1,INR,2080,18%,206,web,NEW10
2025-01-03,2025-01-03 07:31:43,CUST000000092933,645981,1,2000000030722,1,INR,5647,14%,875,web,
2025-01-03,2025-01-03 13:51:27,CUST000000061487,645982,1,2000000395135,1,INR,485,20%,47,app,PRIME5
2025-01-03,2025-01-03 13:51:27,CUST000000061487,645982,2,2000000035093,Two,INR,977,8%,90,app,PRIME5
2025-01-03,2025-01-03 01:16:08,CUST000000186887,645983,1,2000000063546,1,GBP,4,8%,1,app,
2025-01-03,2025-01-03 10:53:30,CUST000000071059,645984,1,2000000455341,1,AUD,49,7%,6,app,NEW10
2025-01-03,2025-01-03 10:53:30,CUST000000071059,645984,2,2000000154435,1,AUD,22,20%,3,app,NEW10
2025-01-03,2025-01-03 04:28:42,CUST000000100763,645985,1,2000000219523,Two,INR,34287,0%,8229,app,
2025-01-03,2025-01-03 17:48:12,CUST000000071581,645986,1,2000000249780,Two,INR,496,15%,102,web,FEST20
2025-01-03,2025-01-03 17:48:12,CUST000000071581,645986,2,2000000308852,1,INR,3462,5%,165,web,FEST20
2025-01-03,2025-01-03 23:26:46,CUST000000044419,645987,1,2000000338439,1,INR,2577,0%,129,web,
2025-01-03,2025-01-03 23:26:46,CUST000000044419,645987,2,2000000160801,Two,INR,974,8%,90,web,
2025-01-03,2025-01-03 19:04:28,CUST000000196803,645988,1,2000000349411,1,USD,$46,4%,6,web,
2025-01-03,2025-01-03 11:07:33,CUST000000222467,645989,1,2000000214658,1,INR,8041,19%,782,web,FEST20
2025-01-03,2025-01-03 08:21:33,CUST000000295503,645990,1,2000000342535,1,INR,2308,5%,396,web,
2025-01-03,2025-01-03 22:24:11,CUST000000171035,645991,1,2000000228914,3,USD,$165,6%,56,app,
2025-01-03,2025-01-03 02:48:13,CUST000000057786,645992,1,2000000131085,1,GBP,13,4%,2,web,
2025-01-03,2025-01-03 02:48:13,CUST000000057786,645992,2,2000000168241,1,GBP,21,17%,4,web,
2025-01-03,2025-01-03 02:48:13,CUST000000057786,645992,3,2000000160726,1,GBP,1100,19%,162,web,
2025-01-03,2025-01-03 00:34:46,CUST000000258600,645993,1,2000000244884,4,INR,400,25%,145,app,PRIME5
2025-01-03,2025-01-03 00:34:46,CUST000000258600,645993,2,2000000316352,Two,INR,1025,24%,78,app,PRIME5
2025-01-03,2025-01-03 00:34:46,CUST000000258600,645993,3,2000000248196,1,INR,32072,1%,5719,app,PRIME5
2025-01-03,2025-01-03 00:24:52,CUST000000004930,645994,1,2000000025490,1,INR,1580,6%,267,web,NEW10
2025-01-03,2025-01-03 00:24:52,CUST000000004930,645994,2,2000000008028,Two,INR,102952,2%,24185,web,NEW10
2025-01-03,2025-01-03 00:28:39,CUST000000117936,645995,1,2000000123585,Two,INR,42057,0%,15141,app,
2025-01-03,2025-01-03 00:28:39,CUST000000117936,645995,2,2000000209180,1,INR,12614,4%,604,app,
2025-01-03,2025-01-03 00:28:39,CUST000000117936,645995,3,2000000297873,1,INR,635,17%,96,app,
2025-01-03,2025-01-03 22:04:00,CUST000000101873,645996,1,2000000093017,1,CAD,549,14%,86,web,
2025-01-03,2025-01-03 15:06:11,CUST000000271380,645997,1,2000000405124,1,USD,$25,5%,3,app,
2025-01-03,2025-01-03 09:09:26,CUST000000171764,645998,1,2000000133676,1,INR,7040,15%,1077,web,
2025-01-03,2025-01-03 21:41:41,CUST000000138510,645999,1,2000000026480,1,GBP,3,10%,1,app,SAVE50
2025-01-03,2025-01-03 21:41:41,CUST000000138510,645999,2,2000000090375,1,GBP,94,0%,12,app,SAVE50
2025-01-03,2025-01-03 21:41:41,CUST000000138510,645999,3,2000000059112,1,GBP,348,19%,15,app,SAVE50
2025-01-03,2025-01-03 16:07:12,CUST000000207275,646000,1,2000000151656,1,INR,9447,9%,1032,app,FEST20
2025-01-03,2025-01-03 16:07:12,CUST000000207275,646000,2,2000000115511,Two,INR,39762,13%,3463,app,FEST20
2025-01-03,2025-01-03 17:47:23,CUST000000143458,646001,1,2000000045825,Two,INR,3738,11%,335,app,
2025-01-03,2025-01-03 03:57:38,CUST000000045961,646002,1,2000000308463,1,INR,6716,10%,1092,web,
2025-01-03,2025-01-03 10:16:03,CUST000000063573,646003,1,2000000224343,1,USD,$31,0%,2,app,PRIME5
2025-01-03,2025-01-03 10:16:03,CUST000000063573,646003,2,2000000278650,1,USD,$14,11%,3,app,PRIME5
2025-01-03,2025-01-03 10:16:03,CUST000000063573,646003,3,2000000134598,1,USD,$141,14%,15,app,PRIME5
2025-01-03,2025-01-03 13:28:22,CUST000000090300,646004,1,2000000039688,3,CAD,959,3%,140,app,
2025-01-03,2025-01-03 18:10:30,CUST000000255623,646005,1,2000000418919,Two,INR,76366,1%,18191,web,PRIME5
2025-01-03,2025-01-03 18:10:30,CUST000000255623,646005,2,2000000093482,1,INR,4820,5%,553,web,PRIME5
2025-01-03,2025-01-03 04:41:56,CUST000000163123,646006,1,2000000329925,1,AUD,123,0%,7,web,
2025-01-03,2025-01-03 04:41:56,CUST000000163123,646006,2,2000000449920,1,AUD,1176,13%,52,web,
2025-01-03,2025-01-03 04:41:56,CUST000000163123,646006,3,2000000384528,1,AUD,28,3%,2,web,
2025-01-03,2025-01-03 04:41:56,CUST000000163123,646006,4,2000000443676,1,AUD,833,21%,33,web,
2025-01-03,2025-01-03 18:10:05,CUST000000277880,646007,1,2000000223230,1,AED,141,1%,8,web,
2025-01-03,2025-01-03 14:21:21,CUST000000296855,646008,1,2000000318189,Two,INR,5955,16%,499,app,FEST20
2025-01-03,2025-01-03 18:00:54,CUST000000114422,646009,1,2000000105215,1,AED,649,7%,31,app,
2025-01-03,2025-01-03 18:00:54,CUST000000114422,646009,2,2000000148076,1,AED,565,0%,68,app,
2025-01-03,2025-01-03 18:00:54,CUST000000114422,646009,3,2000000324036,1,AED,114,3%,14,app,
2025-01-03,2025-01-03 18:00:54,CUST000000114422,646009,4,2000000036984,1,AED,638,13%,67,app,
2025-01-03,2025-01-03 13:15:45,CUST000000164498,646010,1,2000000303215,1,GBP,93,0%,17,app,
2025-01-03,2025-01-03 13:15:45,CUST000000164498,646010,2,2000000051208,1,GBP,50,9%,3,app,
2025-01-03,2025-01-03 13:15:45,CUST000000164498,646010,3,2000000351360,1,GBP,168,19%,17,app,
2025-01-03,2025-01-03 06:59:17,CUST000000017567,646011,1,2000000210803,1,INR,1858,20%,75,web,
2025-01-03,2025-01-03 19:13:02,CUST000000158481,646012,1,2000000498027,1,USD,$67,18%,3,app,PRIME5
2025-01-03,2025-01-03 19:21:14,CUST000000156366,646013,1,2000000341156,3,GBP,775,13%,102,web,
2025-01-03,2025-01-03 12:07:12,CUST000000079721,646014,1,2000000390680,4,CAD,23,8%,5,app,PRIME5
2025-01-03,2025-01-03 12:07:12,CUST000000079721,646014,2,2000000177564,1,CAD,24,7%,2,app,PRIME5
2025-01-03,2025-01-03 17:13:22,CUST000000053781,646015,1,2000000411064,1,CAD,565,8%,63,web,FEST20
2025-01-03,2025-01-03 17:13:22,CUST000000053781,646015,2,2000000239415,1,CAD,725,15%,74,web,FEST20
2025-01-03,2025-01-03 17:13:22,CUST000000053781,646015,3,2000000290744,1,CAD,153,0%,8,web,FEST20
2025-01-03,2025-01-03 01:19:16,CUST000000140284,646016,1,2000000363332,Two,INR,3051,6%,688,web,
2025-01-03,2025-01-03 01:19:16,CUST000000140284,646016,2,2000000448916,1,INR,1896,19%,186,web,
2025-01-03,2025-01-03 14:18:47,CUST000000289047,646017,1,2000000090849,Two,INR,2923,16%,586,app,FEST20
2025-01-03,2025-01-03 14:18:47,CUST000000289047,646017,2,2000000010670,1,INR,4549,10%,494,app,FEST20
2025-01-03,2025-01-03 19:20:21,CUST000000039269,646018,1,2000000049601,1,INR,4430,7%,742,web,
2025-01-03,2025-01-03 05:53:44,CUST000000269590,646019,1,2000000410258,Two,GBP,5,12%,2,web,
2025-01-03,2025-01-03 11:41:09,CUST000000205541,646020,1,2000000090627,Two,INR,51812,5%,11797,app,
2025-01-03,2025-01-03 11:41:09,CUST000000205541,646020,2,2000000353333,1,INR,1244,16%,126,app,
2025-01-03,2025-01-03 11:41:09,CUST000000205541,646020,3,2000000323336,1,INR,4439,11%,198,app,
2025-01-03,2025-01-03 06:58:19,CUST000000295648,646021,1,2000000206325,1,INR,16444,20%,1588,web,
2025-01-03,2025-01-03 06:58:19,CUST000000295648,646021,2,2000000410302,1,INR,42377,7%,4738,web,
2025-01-03,2025-01-03 06:58:19,CUST000000295648,646021,3,2000000332352,Two,INR,1550,13%,136,web,
2025-01-03,2025-01-03 17:29:01,CUST000000090512,646022,1,2000000151502,1,INR,2336,0%,281,web,
2025-01-03,2025-01-03 21:34:42,CUST000000200017,646023,1,2000000203614,Two,INR,1612,17%,485,web,NEW10
2025-01-03,2025-01-03 21:34:42,CUST000000200017,646023,2,2000000355122,1,INR,5486,6%,258,web,NEW10
2025-01-03,2025-01-03 21:34:42,CUST000000200017,646023,3,2000000092720,1,INR,1727,7%,194,web,NEW10
2025-01-03,2025-01-03 00:43:13,CUST000000279267,646024,1,2000000327327,1,INR,2173,18%,214,web,
2025-01-03,2025-01-03 15:01:25,CUST000000035278,646025,1,2000000245720,1,USD,$56,0%,3,app,
2025-01-03,2025-01-03 15:01:25,CUST000000035278,646025,2,2000000073606,1,USD,$4,0%,1,app,
2025-01-03,2025-01-03 01:59:57,CUST000000066855,646026,1,2000000070346,1,USD,$177,1%,9,app,
2025-01-03,2025-01-03 11:40:36,CUST000000104943,646027,1,2000000430942,1,INR,94942,13%,4115,app,FEST20
2025-01-03,2025-01-03 08:55:38,CUST000000123790,646028,1,2000000075884,Two,GBP,5,17%,1,web,
2025-01-03,2025-01-03 01:32:10,CUST000000114237,646029,1,2000000333847,1,INR,1544,20%,149,app,
2025-01-03,2025-01-03 16:45:26,CUST000000107627,646030,1,2000000064949,1,SGD,149,1%,18,app,
2025-01-03,2025-01-03 21:40:30,CUST000000012582,646031,1,2000000364667,1,INR,3054,19%,124,app,PRIME5
2025-01-03,2025-01-03 20:19:53,CUST000000005341,646032,1,2000000291246,1,CAD,29,2%,2,web,
2025-01-03,2025-01-03 20:19:53,CUST000000005341,646032,2,2000000060620,1,CAD,1562,11%,250,web,
2025-01-03,2025-01-03 11:35:31,CUST000000247837,646033,1,2000000023199,Two,INR,1706,7%,159,web,
2025-01-03,2025-01-03 11:40:24,CUST000000133518,646034,1,2000000097169,1,CAD,147,15%,7,app,
2025-01-03,2025-01-03 01:48:56,CUST000000160342,646035,1,2000000089416,1,INR,2254,0%,271,app,
2025-01-03,2025-01-03 11:53:43,CUST000000263382,646036,1,2000000339504,1,USD,$14,5%,2,app,
2025-01-03,2025-01-03 11:53:43,CUST000000263382,646036,2,2000000115474,1,USD,$33,1%,4,app,
2025-01-03,2025-01-03 16:39:21,CUST000000244961,646037,1,2000000132716,Two,USD,$28,13%,10,app,
2025-01-03,2025-01-03 16:39:21,CUST000000244961,646037,2,2000000299624,1,USD,$1001,7%,112,app,
2025-01-03,2025-01-03 05:28:32,CUST000000137278,646038,1,2000000298672,1,INR,2289,4%,110,web,SAVE50
2025-01-03,2025-01-03 18:18:54,CUST000000247383,646039,1,2000000453736,1,INR,1312,14%,57,web,FEST20
2025-01-03,2025-01-03 18:18:54,CUST000000247383,646039,2,2000000057712,4,INR,921,14%,383,web,FEST20
2025-01-03,2025-01-03 02:31:02,CUST000000253265,646040,1,2000000136998,1,INR,552,9%,61,web,
2025-01-03,2025-01-03 18:58:28,CUST000000213204,646041,1,2000000052342,1,SGD,42,15%,2,app,FEST20
2025-01-03,2025-01-03 12:18:37,CUST000000263862,646042,1,2000000395357,1,INR,10393,2%,1843,web,PRIME5
2025-01-03,2025-01-03 12:18:37,CUST000000263862,646042,2,2000000179513,1,INR,1331,7%,148,web,PRIME5
2025-01-03,2025-01-03 12:18:37,CUST000000263862,646042,3,2000000194035,Two,INR,2546,12%,226,web,PRIME5
2025-01-03,2025-01-03 12:18:37,CUST000000263862,646042,4,2000000301402,1,INR,957,4%,166,web,PRIME5
2025-01-03,2025-01-03 12:18:37,CUST000000263862,646042,5,2000000221410,1,INR,862,3%,100,web,PRIME5
2025-01-03,2025-01-03 06:38:32,CUST000000132877,646043,1,2000000207872,1,USD,$26,16%,3,web,
2025-01-03,2025-01-03 02:20:50,CUST000000096912,646044,1,2000000106779,1,CAD,26,4%,3,app,SAVE50
2025-01-03,2025-01-03 02:20:50,CUST000000096912,646044,2,2000000341187,1,CAD,142,18%,14,app,SAVE50
2025-01-03,2025-01-03 08:12:13,CUST000000184166,646045,1,2000000049823,4,INR,618,0%,124,web,
2025-01-03,2025-01-03 08:12:13,CUST000000184166,646045,2,2000000015958,1,INR,988,18%,98,web,
2025-01-03,2025-01-03 08:12:13,CUST000000184166,646045,3,2000000126081,1,INR,102333,24%,13965,web,
2025-01-03,2025-01-03 22:14:59,CUST000000297035,646046,1,2000000240459,1,AED,41,17%,5,web,
2025-01-03,2025-01-03 22:14:59,CUST000000297035,646046,2,2000000194271,1,AED,242,5%,12,web,
2025-01-03,2025-01-03 03:39:55,CUST000000264425,646047,1,2000000135892,1,INR,2515,15%,107,web,FEST20
2025-01-03,2025-01-03 03:39:55,CUST000000264425,646047,2,2000000042145,Two,INR,834,2%,82,web,FEST20
2025-01-03,2025-01-03 03:39:55,CUST000000264425,646047,3,2000000251851,1,INR,104828,3%,18396,web,FEST20
2025-01-03,2025-01-03 18:37:22,CUST000000252580,646048,1,2000000089850,1,INR,1032,1%,52,app,
2025-01-03,2025-01-03 18:37:22,CUST000000252580,646048,2,2000000409887,4,INR,1161,9%,505,app,
2025-01-03,2025-01-03 18:37:22,CUST000000252580,646048,3,2000000066783,3,INR,455,10%,62,app,
2025-01-03,2025-01-03 18:37:22,CUST000000252580,646048,4,2000000166322,1,INR,851,0%,43,app,
2025-01-03,2025-01-03 18:37:22,CUST000000252580,646048,5,2000000325064,1,INR,2489,5%,285,app,
2025-01-03,2025-01-03 07:02:06,CUST000000070432,646049,1,2000000220826,Two,INR,42287,4%,9707,web,
2025-01-03,2025-01-03 07:02:06,CUST000000070432,646049,2,2000000303215,Two,INR,7874,15%,1606,web,
2025-01-03,2025-01-03 00:56:26,CUST000000107422,646050,1,2000000132938,4,AED,24,0%,5,app,PRIME5
2025-01-03,2025-01-03 00:56:26,CUST000000107422,646050,2,2000000137131,1,AED,68,20%,7,app,PRIME5
2025-01-03,2025-01-03 00:56:26,CUST000000107422,646050,3,2000000423524,1,AED,420,0%,51,app,PRIME5
2025-01-03,2025-01-03 22:52:10,CUST000000277173,646051,1,2000000019727,1,INR,3154,6%,357,web,FEST20
2025-01-03,2025-01-03 22:52:10,CUST000000277173,646051,2,2000000315201,1,INR,5493,5%,261,web,FEST20
2025-01-03,2025-01-03 09:27:56,CUST000000215839,646052,1,2000000184746,Two,INR,1633,9%,150,web,
2025-01-03,2025-01-03 13:07:48,CUST000000183708,646053,1,2000000193731,1,GBP,94,18%,14,app,FEST20
2025-01-03,2025-01-03 22:01:02,CUST000000062605,646054,1,2000000145631,1,USD,$6,14%,2,app,FEST20
2025-01-03,2025-01-03 05:23:23,CUST000000153084,646055,1,2000000443225,1,INR,706,12%,75,web,PRIME5
2025-01-03,2025-01-03 17:42:56,CUST000000230514,646056,1,2000000179711,1,INR,971,2%,114,web,
2025-01-03,2025-01-03 23:23:16,CUST000000135703,646057,1,2000000317571,1,USD,$63,11%,7,web,
2025-01-03,2025-01-03 16:35:23,CUST000000056646,646058,1,2000000321493,1,AED,320,6%,16,app,FEST20
2025-01-03,2025-01-03 16:35:23,CUST000000056646,646058,2,2000000340227,1,AED,67,23%,7,app,FEST20
2025-01-03,2025-01-03 22:50:54,CUST000000154207,646059,1,2000000020679,1,INR,5182,6%,586,app,
2025-01-03,2025-01-03 11:16:41,CUST000000174834,646060,1,2000000247366,1,INR,24666,19%,3587,app,NEW10
2025-01-03,2025-01-03 11:16:41,CUST000000174834,646060,2,2000000447827,1,INR,1342,12%,60,app,NEW10
2025-01-03,2025-01-03 08:28:01,CUST000000280895,646061,1,2000000150871,1,INR,19164,6%,902,app,FEST20
2025-01-03,2025-01-03 08:28:01,CUST000000280895,646061,2,2000000266749,1,INR,4963,0%,596,app,FEST20
2025-01-03,2025-01-03 19:21:43,CUST000000249045,646062,1,2000000038728,1,INR,70015,16%,7063,app,NEW10
2025-01-03,2025-01-03 03:52:53,CUST000000074622,646063,1,2000000291864,1,INR,2673,17%,265,app,NEW10
2025-01-03,2025-01-03 20:09:00,CUST000000237742,646064,1,2000000491196,1,INR,4866,15%,207,web,
2025-01-03,2025-01-03 20:09:00,CUST000000237742,646064,2,2000000150390,1,INR,45504,14%,1961,web,
2025-01-03,2025-01-03 00:10:56,CUST000000242281,646065,1,2000000361208,1,CAD,706,5%,81,app,
2025-01-03,2025-01-03 00:10:56,CUST000000242281,646065,2,2000000198460,1,CAD,74,19%,8,app,
2025-01-03,2025-01-03 00:10:56,CUST000000242281,646065,3,2000000459370,1,CAD,15,8%,2,app,
2025-01-03,2025-01-03 17:39:18,CUST000000108671,646066,1,2000000262833,1,SGD,90,12%,4,web,
2025-01-03,2025-01-03 17:39:18,CUST000000108671,646066,2,2000000245393,1,SGD,20,0%,2,web,
2025-01-03,2025-01-03 17:39:18,CUST000000108671,646066,3,2000000139678,1,SGD,1292,0%,156,web,
2025-01-03,2025-01-03 02:34:32,CUST000000040537,646067,1,2000000172088,1,USD,$11,0%,1,app,
2025-01-03,2025-01-03 20:57:01,CUST000000205256,646068,1,2000000343082,1,INR,251,0%,13,app,
2025-01-03,2025-01-03 20:57:01,CUST000000205256,646068,2,2000000332437,1,INR,655,4%,32,app,
2025-01-03,2025-01-03 11:04:49,CUST000000143517,646069,1,2000000477800,1,INR,2578,0%,310,web,NEW10
2025-01-03,2025-01-03 03:08:34,CUST000000019252,646070,1,2000000083582,1,CAD,10,4%,1,app,
2025-01-03,2025-01-03 10:47:16,CUST000000197741,646071,1,2000000006406,1,GBP,95,17%,4,app,
2025-01-03,2025-01-03 04:48:24,CUST000000023188,646072,1,2000000142258,1,USD,$425,2%,21,app,PRIME5
2025-01-03,2025-01-03 04:48:24,CUST000000023188,646072,2,2000000100739,1,USD,$993,15%,102,app,PRIME5
2025-01-03,2025-01-03 04:48:24,CUST000000023188,646072,3,2000000267012,3,USD,$694,4%,101,app,PRIME5
2025-01-03,2025-01-03 04:48:24,CUST000000023188,646072,4,2000000285771,Two,USD,$10,7%,3,app,PRIME5
2025-01-03,2025-01-03 04:48:24,CUST000000023188,646072,5,2000000465685,1,USD,$632,12%,100,app,PRIME5
2025-01-03,2025-01-03 05:03:00,CUST000000284189,646073,1,2000000433646,1,INR,1300,17%,196,app,
2025-01-03,2025-01-03 18:44:40,CUST000000088135,646074,1,2000000376783,1,AED,40,6%,7,app,
2025-01-03,2025-01-03 18:44:40,CUST000000088135,646074,2,2000000062143,1,AED,3748,23%,145,app,
2025-01-03,2025-01-03 18:44:40,CUST000000088135,646074,3,2000000003801,1,AED,124,0%,7,app,
2025-01-03,2025-01-03 01:40:16,CUST000000137911,646075,1,2000000240251,1,USD,$118,4%,14,app,
2025-01-03,2025-01-03 05:41:53,CUST000000046367,646076,1,2000000351711,1,INR,7030,0%,352,app,PRIME5
2025-01-03,2025-01-03 05:41:53,CUST000000046367,646076,2,2000000335384,1,INR,22926,4%,2654,app,PRIME5
2025-01-03,2025-01-03 10:33:27,CUST000000062446,646077,1,2000000391694,1,INR,1664,10%,181,app,
2025-01-03,2025-01-03 19:13:15,CUST000000224664,646078,1,2000000419770,3,INR,3729,7%,1254,app,NEW10
2025-01-03,2025-01-03 19:13:15,CUST000000224664,646078,2,2000000252933,1,INR,5351,8%,247,app,NEW10
2025-01-03,2025-01-03 19:13:15,CUST000000224664,646078,3,2000000369990,Two,INR,2776,4%,640,app,NEW10
2025-01-03,2025-01-03 12:07:39,CUST000000207147,646079,1,2000000028033,1,CAD,1260,8%,139,app,FEST20
2025-01-03,2025-01-03 12:07:39,CUST000000207147,646079,2,2000000103730,1,CAD,272,3%,48,app,FEST20
2025-01-03,2025-01-03 09:38:38,CUST000000106880,646080,1,2000000151144,Two,INR,1242,12%,264,app,
2025-01-03,2025-01-03 19:46:00,CUST000000031313,646081,1,2000000017280,1,AED,210,5%,11,web,
2025-01-03,2025-01-03 07:38:25,CUST000000153847,646082,1,2000000039954,3,AED,8,9%,2,web,
2025-01-03,2025-01-03 07:38:25,CUST000000153847,646082,2,2000000320892,Two,AED,7,3%,2,web,
2025-01-03,2025-01-03 13:50:15,CUST000000004721,646083,1,2000000013046,Two,AED,43,11%,10,app,SAVE50
2025-01-03,2025-01-03 19:11:35,CUST000000051228,646084,1,2000000204017,1,USD,$32,16%,5,app,
2025-01-03,2025-01-03 19:11:35,CUST000000051228,646084,2,2000000098685,Two,USD,$40,11%,9,app,
2025-01-03,2025-01-03 19:11:35,CUST000000051228,646084,3,2000000022956,4,USD,$19,10%,13,app,
2025-01-03,2025-01-03 08:58:17,CUST000000235118,646085,1,2000000446233,1,CAD,55,1%,10,web,
2025-01-03,2025-01-03 08:58:17,CUST000000235118,646085,2,2000000227450,1,CAD,38,0%,2,web,